Ticker,AAPL,ABT,ACN,ADBE,AIG,ALL,AMGN,AMZN,AXP,BA,BAC,BIIB,BK,BKNG,BLK,BMY,C,CAT,CHTR,CL,CMCSA,COF,COP,COST,CSCO,CVS,CVX,DHR,DIS,DUK,EMR,EXC,F,FDX,GD,GE,GILD,GOOG,GOOGL,GS,HAL,HD,HON,IBM,INTC,JNJ,JPM,KMB,KO,LLY,LMT,LOW,MA,MCD,MDT,MET,MMM,MO,MRK,MS,MSFT,NEE,NFLX,NKE,NVDA,ORCL,OXY,PEP,PFE,PG,PM,QCOM,SBUX,SLB,SO,SPG,T,TGT,TXN,UNH,UNP,UPS,USB,V,VZ,WFC,WMT,XOM
AAPL,1.0,0.32816882846025164,0.38434243332894596,0.38159703366152853,0.31338793926783187,0.331479048672064,0.3067185677675352,0.3844976603774375,0.3704425525775711,0.3997035863851398,0.3542114562445329,0.24082766012081275,0.3431227218982972,0.37612818916143786,0.38947450450729254,0.21904686255984032,0.3587471458085076,0.4217433269047393,0.2632628202701568,0.25921244176479513,0.33621191474086415,0.38056330412679135,0.31378885101629606,0.30823204039597685,0.39287322243141093,0.2757729908066772,0.3509879929801582,0.3159820506697927,0.3727881718727275,0.14185493361980106,0.40255437175001196,0.183998520820167,0.3650669921134311,0.358465934546647,0.3719031459583627,0.32697536523942006,0.23918746344148067,0.45599029625434107,0.45519920695257804,0.3664569749607814,0.3257893866367374,0.3694947158025832,0.43882789847502984,0.3746603870614364,0.41321804333707984,0.2978768249085068,0.36557658262059056,0.20590415250010222,0.27088047238781815,0.23842329114484506,0.34149229556810845,0.30312193984740005,0.4418815335565096,0.3103086259590774,0.33750458094779273,0.36649977583012283,0.41276196307963187,0.2619110100521742,0.2664309380972396,0.34236131450692386,0.4422921431949014,0.21113912904718393,0.21105311296212328,0.3271369635873632,0.3676824099918316,0.392526784518267,0.3335083702308388,0.2556429511578548,0.3152678275963066,0.26393513368613264,0.28957378028216574,0.391541447756033,0.35827876527381725,0.35686660487446187,0.13835345248319386,0.30459951618245984,0.2783215750380126,0.23765880718508606,0.45901646755382974,0.3371275436628956,0.3848510177538503,0.3559298664335861,0.37482326977953,0.38756476174903676,0.23037059198609797,0.36804503645291314,0.22986967105039435,0.34492551637700997
ABT,0.32816882846025164,1.0,0.47299859305345143,0.4150177249736644,0.3637774949186542,0.42290421566578307,0.5101195957958846,0.3388595501726662,0.45348137547986034,0.45764847045385076,0.38805203242718694,0.4129669088626318,0.4644442738486557,0.34897384538512394,0.507340355110495,0.4191173813451527,0.43840804067276395,0.3898348372706878,0.284997192056411,0.39810816292773377,0.3917349812549628,0.40635761463492687,0.35767548027851126,0.4011302650043846,0.39477419058050034,0.4029865491083886,0.4318419004361859,0.40931303361154997,0.4478793229136048,0.2825394086154783,0.45497650655755356,0.25958724467497196,0.3627415729700225,0.44008020318875574,0.47421542704616687,0.3869212856791705,0.41813845526132265,0.4177677129610386,0.4222219633153502,0.42981635419762243,0.3159059432336436,0.44391462086806033,0.5060410664618137,0.45397006866798095,0.43484299246233826,0.5326037017849284,0.4532023588090511,0.36775711516464377,0.41290193621757026,0.4982864485957505,0.4290148779445117,0.3778093737905173,0.45261370689155084,0.3729287916664376,0.564942324802955,0.44340334931556796,0.5090778166571449,0.3587747628356568,0.5150430647126982,0.4443228355607637,0.4398222833952384,0.3174526642870297,0.19368559761931298,0.37163541757939333,0.30072590849005126,0.4287704165892383,0.378174989057077,0.4037936455549644,0.5130422688868157,0.38933234115998117,0.3596687434348672,0.3782127014383037,0.35575748134277735,0.35165009136282627,0.25202967804384524,0.3607481954386474,0.3781562747856619,0.3088174102820556,0.41684126275412064,0.4364202877419015,0.41719569888017527,0.4596127073598121,0.46607901227797915,0.4563051758468026,0.3748930917976296,0.44701608782392277,0.3579028773071649,0.4412356810794944
ACN,0.38434243332894596,0.47299859305345143,1.0,0.47316151872764484,0.44097110535539974,0.4799935320525729,0.4007891856651734,0.41234255823342636,0.482628801582173,0.5131668416795663,0.46619177719348176,0.33296180422212013,0.5227002707441902,0.3992691541411896,0.5728028310983282,0.35362966399572976,0.5380818578911373,0.509711198458078,0.3022966654169454,0.3997126245985002,0.4397607398698432,0.46440885491370565,0.39348759243597686,0.41032318285915514,0.5012293670578328,0.394417548214539,0.484556478054264,0.436790652262391,0.49115056368054205,0.26966865966400355,0.5490941009698139,0.27370965759023413,0.44256936247366235,0.5111553893501595,0.5256349690192329,0.43677814045007246,0.34340111619367597,0.4562773344109805,0.45702633565475753,0.48430453102051335,0.42653036472312633,0.48452745803516156,0.6131172918505127,0.5622815291241292,0.4846238926084699,0.4591107811187062,0.5221992494112979,0.3215039011139153,0.42349769915815266,0.3585627760815712,0.4412130905874196,0.4114599019763885,0.5359017394677019,0.3952077794378119,0.4941001778074634,0.5351413081717262,0.5651337516287026,0.35302170541910805,0.40628100174209625,0.5142853826659441,0.5193002701776573,0.3265724414695887,0.22413067204987783,0.38918639214036393,0.4080360456086169,0.5803779065458099,0.47386001723702026,0.4041501459454031,0.4385435909548032,0.3697483170689192,0.38187746983965737,0.4222825422888052,0.4435733971400255,0.4636118669439024,0.2413921433805011,0.41602382455919024,0.3909974421710793,0.3050299027020524,0.5179952483094759,0.41408028837606103,0.48531457906400843,0.48818546273521773,0.5215359772113797,0.4919871952225175,0.3483533775511187,0.5015820234343762,0.3121645355835452,0.49587217814231493
ADBE,0.38159703366152853,0.4150177249736644,0.47316151872764484,1.0,0.37543955765740883,0.40304476976164805,0.3809543050610536,0.4512788650096283,0.43377831901351727,0.4397259407811004,0.41995452385336557,0.33867938674357045,0.4295745613276311,0.42057559017027435,0.4792081202616635,0.2665822522436766,0.44396050121339814,0.43120502763214275,0.29162749885102596,0.29668656684424116,0.3826339880243282,0.4046134461886135,0.34592359323781097,0.3531064460654517,0.4300811405697279,0.31846938644342937,0.3758393413673467,0.39874719463587827,0.4383951492843527,0.2196875780881915,0.4403270597519506,0.20085804058764414,0.38701762079497715,0.46872124935347736,0.45186378553256357,0.3782126917047204,0.3319044057688514,0.4773176703648098,0.4799525502155879,0.43166333751523617,0.3445212278948528,0.43024774007769556,0.5168091150593859,0.4068701845007929,0.4396162028021872,0.3953936319236043,0.4384126018618605,0.24593413470265232,0.3406785314519152,0.3064564966642984,0.3901726928127985,0.38013020945382814,0.49793818329149653,0.3245753586834326,0.41002889082592453,0.4539781765338541,0.4759108007890856,0.2566438178864592,0.327620959193921,0.4502567764632364,0.5392790928670053,0.29184367886667983,0.2735759230010053,0.40707031406583133,0.43687702795221245,0.4692874648734875,0.3910089523348453,0.30825935967172546,0.37452440454697977,0.26508930273627396,0.2675341467335958,0.3859347468789133,0.4149414181413762,0.3550944147644619,0.19901015780970957,0.3655216310658611,0.2705251965531699,0.2681364580321818,0.49919521284079593,0.36874097217604096,0.41543951516979993,0.41918132913355294,0.4310115061304784,0.4877713472782112,0.2448731000003918,0.4284399528900858,0.2544878383098822,0.37878064655783844
AIG,0.31338793926783187,0.3637774949186542,0.44097110535539974,0.37543955765740883,1.0,0.5270591909416309,0.34728787544394646,0.3278334173663027,0.49727346575681186,0.4579993610078639,0.5906325893044148,0.29397497720764454,0.5740246378185032,0.3426442471197654,0.54421531906463,0.2659367616662195,0.6161341766759851,0.4802449567812043,0.29596712551397153,0.3178216398419875,0.4146464356311017,0.534802919458097,0.3988617052943487,0.3309740663740655,0.37224399333980895,0.374635005796159,0.450913442373331,0.3833309953985868,0.4724234800114864,0.21782243498934356,0.495391568168089,0.2489273531754491,0.459810919369073,0.456906859385834,0.48638019321351433,0.44835476570194555,0.3100712849941442,0.35662564308688316,0.3568702127038717,0.5417728090197182,0.41168085819606154,0.4252245859432589,0.5421233920253139,0.370026621579785,0.3823053196121146,0.3624857401497053,0.5941520954545879,0.2538479526284522,0.35849020030818407,0.29771127514524687,0.3941529895921892,0.37195686143368817,0.43477337547648454,0.30830730075046225,0.4138967896250285,0.6231139015435759,0.4756614747443836,0.27211934980598346,0.35682335483976274,0.5721399633207656,0.37644362981360874,0.27469151120922997,0.18655512467367436,0.34737520441606773,0.32852073493263617,0.42045860196807905,0.43935440049011626,0.3149207916589633,0.3902189095085386,0.2756491758505516,0.30321364526878575,0.33197131343043296,0.3881261684055329,0.4628639717473748,0.19845105884836992,0.4057968224864421,0.3396515095590962,0.2812732613105564,0.437393046622216,0.36523100962861255,0.45503197627815334,0.44950861836280315,0.576576982923913,0.4109337033110642,0.3109096043964216,0.5943040930636043,0.23677910013475423,0.4584412066850862
ALL,0.331479048672064,0.42290421566578307,0.4799935320525729,0.40304476976164805,0.5270591909416309,1.0,0.37651740744315476,0.3431751505672608,0.5231234136986123,0.49268683847818845,0.5763618271549049,0.27871923936989573,0.5893425386192442,0.32992837384678236,0.5948163921857066,0.30920663836121254,0.5966614149759378,0.5066963319678811,0.31348333038205933,0.40002047921944783,0.47516993061354124,0.5386013579104866,0.4163292352791927,0.4263914842188945,0.4357068949299987,0.42203476388491495,0.4972052949127146,0.43387157158205814,0.5096400646564364,0.3377185228514521,0.5495553656978159,0.3403053941629074,0.48650035892315024,0.518059473905605,0.5168450255206516,0.4768936054935417,0.3241110748127921,0.37976251216125817,0.380406724300574,0.5457131793988745,0.44231933267803164,0.4701217372584764,0.5962232321738605,0.4265231498186657,0.40772706290849137,0.47496965129272856,0.62638407006146,0.3676324193934464,0.4416161089707351,0.35831753250341475,0.43036935314073366,0.431823986946369,0.45426406278576426,0.3837022398727926,0.46160773636087604,0.6228682710941349,0.5836552750762876,0.36614201568164945,0.4160909624333001,0.5848263522809501,0.42609348185922175,0.3665580451526809,0.15085068166136056,0.38770139823046945,0.331991523544221,0.4561330602957078,0.4712668393905042,0.410180332508001,0.465207107503813,0.41309351300567865,0.3637539150283911,0.3760654091082401,0.4111239843508848,0.4750587031789466,0.29946850972884653,0.4807244025439298,0.4240872079537595,0.3167370760548824,0.4551324205637261,0.4248459572704791,0.5187375996687046,0.51291296676675,0.6408076837794289,0.4403260509931538,0.400127221574853,0.6233435126701465,0.33436060696225817,0.49958233250323014
AMGN,0.3067185677675352,0.5101195957958846,0.4007891856651734,0.3809543050610536,0.34728787544394646,0.37651740744315476,1.0,0.33037516346611545,0.40195875748876336,0.3792617997789147,0.3650018039521074,0.5200284042085169,0.41299284524000723,0.3353316702695932,0.45801979067901993,0.44373466848130716,0.39157832108055673,0.3576066593422465,0.2676471989594722,0.35251484970684643,0.39940660502707387,0.3774001797092893,0.31890531482653794,0.3425159801479374,0.3371087202282478,0.4014492267740649,0.3665805852490678,0.36495023344349764,0.42642909651126376,0.23998764862372166,0.374088540785261,0.22609945029780656,0.3349952845748758,0.4149409925717955,0.4218239037111378,0.3472693906137181,0.5298012855971819,0.38969657217689707,0.3890097977798523,0.3947078722130604,0.29633798663735533,0.4162364179679641,0.4614520274367627,0.35185237462208835,0.39249994515846093,0.5170707290096769,0.41287055696109787,0.35456021370500357,0.3516408743380191,0.47991228862989715,0.3967754291800978,0.3405614863159062,0.4029558897763365,0.3390861568216274,0.4729756118041187,0.4231499599065006,0.44354686589643183,0.3001274322552611,0.5020593471775929,0.3873621245863358,0.3847359346911906,0.28865574363723917,0.18825519579474811,0.34039718301267047,0.2881888459815944,0.37720035200001173,0.32245116471041263,0.36003030273347203,0.5477667118284878,0.37339335194895784,0.3228177928306002,0.3480221311316758,0.33939014367347264,0.3304030292502517,0.22646755456485726,0.3289652924860178,0.3488570026170099,0.25899703979083705,0.4221678284746697,0.4238249823388991,0.3967751369811511,0.42620450492948025,0.425140278488946,0.3918422492980103,0.3331377864332746,0.41287849452334585,0.2994450814013555,0.3986111891699314
AMZN,0.3844976603774375,0.3388595501726662,0.41234255823342636,0.4512788650096283,0.3278334173663027,0.3431751505672608,0.33037516346611545,1.0,0.37267437625169963,0.3829004570517049,0.33155805402833166,0.261712353164376,0.3437231438442439,0.5004482165000211,0.3966614366400428,0.21436559832023488,0.3566161262931088,0.3795091636953851,0.24586725275872193,0.2606811374338723,0.333155390352581,0.3311529123142049,0.27477812754210346,0.32605435890927836,0.3697201525010141,0.26174086678122177,0.3294004936018672,0.33414582407509874,0.3896361199879376,0.15533712569720753,0.3596079289393205,0.15383799372081658,0.35840028573494254,0.37382279351967096,0.37171293105143255,0.3048621344363828,0.29513170866887684,0.557664229363151,0.5575973968225846,0.34846776067803237,0.31838430001810347,0.3872776031843408,0.41869331809215715,0.34478939806137393,0.36253776375349694,0.3144527765716053,0.3454260138124697,0.19721111160101623,0.2664798027019636,0.23829773161636814,0.31327346614629403,0.34475031018384344,0.4828018172982991,0.3102593972069649,0.35691052330720774,0.36679183432997065,0.3933739290572929,0.22855909746197337,0.25319154067656247,0.34970555284745014,0.4717965278264982,0.2107713404309953,0.3813156787307922,0.3544598888375617,0.36507855388968063,0.3850592200909976,0.31776647407940917,0.2583832809344666,0.3099848414825381,0.19596092271399093,0.23290616783504484,0.3201366617941501,0.4116800625361738,0.3205448940606529,0.13812154746338015,0.2975858768216483,0.2525101974178289,0.22548294638925412,0.42573168644915865,0.3313147551006609,0.3499122450791551,0.37954199262626404,0.35516753771018794,0.4450105008922396,0.2007234734503038,0.3551896475354318,0.1966165163625722,0.32047834462418584
AXP,0.3704425525775711,0.45348137547986034,0.482628801582173,0.43377831901351727,0.49727346575681186,0.5231234136986123,0.40195875748876336,0.37267437625169963,1.0,0.5276850007172277,0.6049729684748081,0.3340476135368579,0.6325975648418475,0.389490357811351,0.5934747619268704,0.31353502915924125,0.611116536202034,0.5347301046761294,0.3174279351617973,0.3574174115558226,0.46593455675981166,0.6807553650574916,0.4179284145742691,0.39708705378193687,0.4261106970563865,0.42912048698152083,0.4718271779885722,0.4164746499258585,0.5223154843338591,0.261341587977885,0.5568753673564816,0.2820716772703075,0.5118101096249585,0.5128654347382217,0.5238005731845626,0.49340080135135234,0.35405114621481887,0.4381068916544968,0.4372275116868923,0.5864123825964985,0.4111194955983873,0.5073947296824506,0.5977266760734574,0.4384340238358515,0.43907170556099095,0.442771445106747,0.6380344461001332,0.29146076736855187,0.39677004931577775,0.35913943086351857,0.45089482520776397,0.44527963153569916,0.5530951525420581,0.3599574707704756,0.47169623621659285,0.6177483279227144,0.5564763310192098,0.29849938647719587,0.4196267366840883,0.6022547447492763,0.4626321223288788,0.3200174042935767,0.22082721214290738,0.4269123313684345,0.3690372614787543,0.4770173569335397,0.4259433127126989,0.3577415766756212,0.4591717317310275,0.3558609685722667,0.32343264814736855,0.4100213696484997,0.4377365161001346,0.45109466096330164,0.22457183221638055,0.4548975490167574,0.3872437772344794,0.33198835634681373,0.4628683552797321,0.4215072798421583,0.5150321411314843,0.5024170057197814,0.6584709688996166,0.5377600479280632,0.3597959029211064,0.6397516327659313,0.29788533727592864,0.4685359977369036
BA,0.3997035863851398,0.45764847045385076,0.5131668416795663,0.4397259407811004,0.4579993610078639,0.49268683847818845,0.3792617997789147,0.3829004570517049,0.5276850007172277,1.0,0.4977843624625665,0.32049262826262553,0.5393118279952185,0.4039907805263446,0.5514867167004189,0.3265955307511289,0.525108155165857,0.5598481599321646,0.30225698452556704,0.3971744289702257,0.43701846676814166,0.4952722040830009,0.40895657336932495,0.3596326208819811,0.43482709932029745,0.3816055896266256,0.48211197951160295,0.43136138903997734,0.5196335725698569,0.24428973855065692,0.5623825453116635,0.27471373561985823,0.47150021026147926,0.5442936743208817,0.5832619067560795,0.46961749367796846,0.342687696136841,0.4212648944815287,0.42170795339916833,0.5017676926896808,0.42594434489401756,0.47906497627450567,0.6581856531422848,0.45898942580609686,0.44604057218946985,0.45011282080206677,0.5348269598243608,0.3355262314760926,0.40738874539867537,0.32722234147265444,0.5720186032824208,0.40650299843904336,0.4975002100968431,0.37734805143250394,0.4707206589389483,0.5319129488722403,0.5851484678232728,0.361249240736377,0.38957626078937985,0.5064025333901988,0.44412198365006333,0.31737348845124086,0.22636179376723223,0.42349752963056597,0.3866468294228733,0.45663938751818545,0.45280463361330325,0.3710778343589085,0.42088355581291526,0.36084976895844983,0.3525916654495395,0.40197855520876846,0.4151429323595534,0.459115036844723,0.22089126255483768,0.43047893661987485,0.38535298167665977,0.32468645228926557,0.502081953891473,0.43154012247388585,0.5394372866860838,0.5122165232218729,0.5407341835865219,0.4657555381284763,0.32790469879830136,0.5462787574496731,0.31341508208097224,0.49645431575340293
BAC,0.3542114562445329,0.38805203242718694,0.46619177719348176,0.41995452385336557,0.5906325893044148,0.5763618271549049,0.3650018039521074,0.33155805402833166,0.6049729684748081,0.4977843624625665,1.0,0.3086427704576727,0.7203651838931957,0.36486750118088424,0.6430273585734649,0.28013749429015067,0.8321697305704828,0.5421003678102432,0.31571665547841454,0.2571428738904283,0.44333688596016846,0.6708163289518796,0.4467660071502244,0.36052885104463395,0.439700162803027,0.39196574362880926,0.49092704509158575,0.40495483989788306,0.5221743600049457,0.15507869260864518,0.5355700074860542,0.22763273258567857,0.5389110503922174,0.5334731997184945,0.506812572756688,0.5067756683931692,0.3199600180896182,0.40213402938091897,0.4001550265710117,0.7410330997892792,0.44870836642193107,0.4612198057628114,0.5845141509930297,0.4025510641949792,0.41562848827787646,0.3767895274189746,0.8277202738689861,0.23874018793171767,0.32165849048409056,0.31571172778591505,0.38475878115996265,0.434715464795386,0.4661405683537351,0.31502368847257506,0.4413622394215186,0.7199090956766189,0.5206830164974205,0.24405689294535432,0.38226337263511423,0.7953175379423792,0.4273796819080855,0.23617827917226938,0.21861904726527445,0.36713069789783365,0.3792451518119846,0.4663709822747315,0.4853136384012308,0.28765047769952384,0.43002190927947775,0.28046128526511277,0.2673636093239974,0.3799870045590678,0.392146197645205,0.4970913880564008,0.11704674155898909,0.43140854098470477,0.35472886475840165,0.2973758849367646,0.4656861153498213,0.42208506678127977,0.5241460130484485,0.47429224415107546,0.7495865735889272,0.4392033624852182,0.3135472961570077,0.7568778774634854,0.254839605775626,0.48616968103627733
BIIB,0.24082766012081275,0.4129669088626318,0.33296180422212013,0.33867938674357045,0.29397497720764454,0.27871923936989573,0.5200284042085169,0.261712353164376,0.3340476135368579,0.32049262826262553,0.3086427704576727,1.0,0.339715200839251,0.2994237792011973,0.3804893868601042,0.3657055116574794,0.33232272305862415,0.3085143726338818,0.2204049135003146,0.24219267588104187,0.32623338014119396,0.36544752525303703,0.2504549593247199,0.2520372609796843,0.26982165725874274,0.3100643725948382,0.3040542126098979,0.2985466507833304,0.34453102630884186,0.15993790266868893,0.33098522876390396,0.13777556412277012,0.27691142937413366,0.3254547842728554,0.3461606071469369,0.2664930893115075,0.4770837911048619,0.3280007396308635,0.32835029516191555,0.3296049379740231,0.25785247719496573,0.34031498105163377,0.39710427839996126,0.2968302137414389,0.2998423366774112,0.3717279350109211,0.3292713644062849,0.2287061824615573,0.26411300974026136,0.41269906426996067,0.29712446363398765,0.2771238612331564,0.35010235116655386,0.2724098486755976,0.37570177507407265,0.3418044807361892,0.33304920908365715,0.21835208196739594,0.3588192402679035,0.3269788828810088,0.3027407574155009,0.178568656135754,0.16958945138065903,0.289964011340228,0.2539622192424954,0.3182617036597041,0.27802986311326655,0.25446555539991705,0.40177125843138756,0.23335932177133006,0.255384409357813,0.28888531737421214,0.29058993744421485,0.28567108474160846,0.11689399605208602,0.2474820820274969,0.24030842330145424,0.19440632527932455,0.3496541333618174,0.3408536026307665,0.30580205838417934,0.3187960968997743,0.339467513263305,0.31803981047219615,0.19772759882603724,0.3299505735454205,0.20681885488763668,0.30154071655270537
BK,0.3431227218982972,0.4644442738486557,0.5227002707441902,0.4295745613276311,0.5740246378185032,0.5893425386192442,0.41299284524000723,0.3437231438442439,0.6325975648418475,0.5393118279952185,0.7203651838931957,0.339715200839251,1.0,0.3759462193004985,0.6897307114575105,0.31823848610904365,0.7340800519171153,0.5511777405096279,0.32331042887807193,0.34009976906175193,0.4753454588041571,0.660383358659939,0.46705620122608016,0.38061669942189497,0.46031992283844786,0.43352813318029026,0.5393023505338757,0.441141939088125,0.5454381200984117,0.20586702128086248,0.5825208129052665,0.2594466165272138,0.5388338759499497,0.5667521166031302,0.5587758346697707,0.5178057204084491,0.34656204611653724,0.42267972059162673,0.42167878296902184,0.6975818169757989,0.47394511914186555,0.4933532445026391,0.6354680482963384,0.44137878874867814,0.4668589013185733,0.4488948382984729,0.755323162934984,0.30988075519621194,0.4033962865967704,0.3723673775509812,0.4445103485183134,0.4544009665224584,0.4994450370404257,0.360087588499912,0.47237829324490455,0.7259865932881663,0.5754018185888654,0.29386442765493176,0.43459510238329757,0.742257724120193,0.4620579421224361,0.2785853812716812,0.19928770163551623,0.4110919781805176,0.40420566218888515,0.5019164189900599,0.5161128413460818,0.36439999833136266,0.47553178426545356,0.3514585110453211,0.3370828780882544,0.4116262807819822,0.4018138989062594,0.5203846218236782,0.17307281385789985,0.4371116850613286,0.4081010554340434,0.32353353958542996,0.5208529099333652,0.4278109237649341,0.5604430523995729,0.5339605479901008,0.7429471946300055,0.47140286772819173,0.37340363730552933,0.7364334384843177,0.28949474365256883,0.5476123860399463
BKNG,0.37612818916143786,0.34897384538512394,0.3992691541411896,0.42057559017027435,0.3426442471197654,0.32992837384678236,0.3353316702695932,0.5004482165000211,0.389490357811351,0.4039907805263446,0.36486750118088424,0.2994237792011973,0.3759462193004985,1.0,0.4347096099619332,0.23588037499047262,0.38623062350936843,0.4218136689727754,0.2310253695090447,0.24503135627212858,0.32597293216455114,0.37376274682840344,0.30209616190709615,0.2799927078384375,0.3662266873671994,0.2548966936418872,0.34462039060706906,0.3464032327138878,0.4115196392208718,0.121974362559966,0.40327328023828446,0.14627360603976117,0.40144300855526743,0.4028766449282893,0.4023717933453988,0.3312793174750714,0.2877828025854502,0.47063794614553267,0.47117578111738057,0.3866457846400218,0.34923229265540207,0.3641822749975211,0.4658393356091233,0.3654804549235864,0.3517295286911124,0.30802769887472375,0.3911781829606122,0.19491750408829922,0.2842528133837317,0.22092105363795508,0.29366113635455265,0.30010826040813576,0.4569900019929354,0.29967589082045665,0.36778196759005305,0.418691374677678,0.41789923558138786,0.22487991656540893,0.30428212342849875,0.3838878553352732,0.38112087413139095,0.18739180921387777,0.3359170454941234,0.3737303926332275,0.35401238061388396,0.4051774070866712,0.36460846048001105,0.25303370154554117,0.327725729996078,0.20938986403914953,0.2788611527326011,0.33990148492061345,0.40096358628535383,0.37766283120481614,0.12758527974924033,0.309949715142194,0.23829568293907918,0.23615217389484386,0.43619860940831795,0.33005901131100185,0.3889301643368378,0.3992912551632525,0.38315812867042315,0.4301496562418288,0.21251242944886997,0.37268221156772846,0.1629169027352809,0.33673588621257144
BLK,0.38947450450729254,0.507340355110495,0.5728028310983282,0.4792081202616635,0.54421531906463,0.5948163921857066,0.45801979067901993,0.3966614366400428,0.5934747619268704,0.5514867167004189,0.6430273585734649,0.3804893868601042,0.6897307114575105,0.4347096099619332,1.0,0.3675644515728323,0.6723828616330938,0.5934770182930141,0.3454805446849431,0.4034993100346153,0.5084638652347053,0.6305714392857992,0.4895855297160768,0.4351219423278371,0.4875653163623686,0.4438519355959281,0.5669450274493025,0.47664063907051485,0.5586680614789531,0.26477992621796886,0.6249845772471112,0.2992373054717632,0.5613007371856904,0.6165737948346709,0.5741819191181561,0.5202696828861705,0.3868637197957134,0.4768094042723212,0.47421660064685645,0.6495303535431929,0.4937037747849182,0.5266267595479924,0.6625694824410514,0.4917444312044753,0.49528418524518897,0.5066896302631635,0.6830639581200578,0.37158103273042986,0.45070344860973494,0.4122682282587527,0.4583238531923345,0.4939319011939514,0.5605257253573948,0.40935428927262596,0.5141792484517114,0.6767547300186239,0.6266128139535205,0.35520883507747913,0.46270786752734744,0.6792149105462725,0.502562384866797,0.3365470245472261,0.22955748432258435,0.4619012276893264,0.4076269791066267,0.5561173128559104,0.5398119819779061,0.41678465896727984,0.5046771955486472,0.3916282434620687,0.38080185176221604,0.47270492086561744,0.4630193912051346,0.5399331542433651,0.2332982801992968,0.5031305755915234,0.4353670385201722,0.3670731334594948,0.5481320975774225,0.46665357699780846,0.5861119060569374,0.5717199660653294,0.6608884428094637,0.5244016176885465,0.40714818234449357,0.6624509475015089,0.32786245084032406,0.575696995103297
BMY,0.21904686255984032,0.4191173813451527,0.35362966399572976,0.2665822522436766,0.2659367616662195,0.30920663836121254,0.44373466848130716,0.21436559832023488,0.31353502915924125,0.3265955307511289,0.28013749429015067,0.3657055116574794,0.31823848610904365,0.23588037499047262,0.3675644515728323,1.0,0.31395817854248265,0.271722440330535,0.2255905179110718,0.3098379535141354,0.3020679357086867,0.3006489800350741,0.25442497553873605,0.28431060806897296,0.2650128957580474,0.2851606918114996,0.30906123458205753,0.28625355323514684,0.3257924162997651,0.215966432710193,0.3075220297295828,0.20192615793416144,0.27167498222468495,0.2995400516592872,0.3497570630513237,0.2819028154080194,0.3490125548721364,0.2450853135734863,0.24597946270360024,0.3094819834371943,0.20973214727029924,0.328231390232697,0.3712455780437729,0.26313596962290686,0.27869854179724907,0.4372293919486576,0.33337797895752996,0.31381147292574607,0.30050345797995937,0.4419113249044146,0.3334412269099094,0.2799772098900529,0.34096327153706557,0.2707509966487829,0.38187725095411523,0.31080229909342627,0.36347061431838923,0.2520120074070563,0.3458262247687913,0.3060630808907657,0.28196478434186306,0.25380661904446905,0.13856178559806293,0.25866501850964235,0.19392835313720427,0.30130289547021977,0.2742162964665034,0.3016247655393955,0.46460866262845824,0.30912170932459754,0.26250204226414264,0.26852059288313,0.2603417335537325,0.25094652104127313,0.18696605240761288,0.27421208024351545,0.2641419754056358,0.19603887016544003,0.30016259453120503,0.32448001835051365,0.2893305999044585,0.30638787512804083,0.34129291082171775,0.32029702242051544,0.2565195609970906,0.3229029826954747,0.2524902000729844,0.31645628615484
C,0.3587471458085076,0.43840804067276395,0.5380818578911373,0.44396050121339814,0.6161341766759851,0.5966614149759378,0.39157832108055673,0.3566161262931088,0.611116536202034,0.525108155165857,0.8321697305704828,0.33232272305862415,0.7340800519171153,0.38623062350936843,0.6723828616330938,0.31395817854248265,1.0,0.5758058728018429,0.33984733857486016,0.3081987676940584,0.47025456198865423,0.6635014572450678,0.4683093947587112,0.36779714099874755,0.45489504812125775,0.40848476142616263,0.5299575808094177,0.41991437750559807,0.5488484390777728,0.19684948088600376,0.5670189081338716,0.2514183683331195,0.5678690177689742,0.5662170378917054,0.5326913138071965,0.5379398818255117,0.3417284749707651,0.4261072046930915,0.425438487954518,0.7576869190290291,0.48209028518076336,0.47913641370525123,0.6210024000005656,0.45880417276463326,0.4470065443029128,0.4255986267729283,0.8319156782304422,0.2663797295874105,0.3658443173158443,0.3406541433055964,0.4117039171011762,0.4420147525708721,0.5067430257235452,0.3546144562111437,0.4654904896245796,0.742397250499848,0.5529127891451915,0.27306727878293324,0.4113978827501646,0.8081145706910532,0.4576813417537199,0.2654538233984146,0.22763026646507345,0.403714587885547,0.393180355669542,0.510485399842355,0.5242914266450994,0.3286654731983,0.4587948064046108,0.3255190081741124,0.3317671990235052,0.4033648373292614,0.4127389666112561,0.5284798648244844,0.16822987039851314,0.4549053830210862,0.3979261572639602,0.33065127802195393,0.4938302063976636,0.4363457971110088,0.5534141501575521,0.5025459816481312,0.735562159986,0.4769243730466645,0.34361819483823747,0.7497146193742715,0.27898801680474195,0.5286047187383088
CAT,0.4217433269047393,0.3898348372706878,0.509711198458078,0.43120502763214275,0.4802449567812043,0.5066963319678811,0.3576066593422465,0.3795091636953851,0.5347301046761294,0.5598481599321646,0.5421003678102432,0.3085143726338818,0.5511777405096279,0.4218136689727754,0.5934770182930141,0.271722440330535,0.5758058728018429,1.0,0.32312690699681035,0.3189801336720123,0.4728723559707771,0.5226827611053144,0.5641109361413819,0.34526481855330976,0.46587792329539107,0.3800631525929067,0.6101600268350061,0.45437185693752,0.4952681844157219,0.2106535957984827,0.7070080954024077,0.2774584760299016,0.543371220587966,0.5911979935669858,0.5860233690391952,0.49900747557462194,0.31793909192384373,0.42791520016254975,0.4279031713131602,0.5475321491092093,0.580729230364052,0.46294806611389283,0.6859271399869854,0.471168168675178,0.4885756938357246,0.39806054410943026,0.575330353563724,0.2862113514944652,0.36976698848396444,0.29537357225156946,0.44169546941475746,0.4236066793187237,0.47775406494627753,0.3592729245188156,0.44252191739550495,0.5983439064512255,0.6347426016850752,0.28198692721728347,0.3838435491358285,0.5588369179983904,0.4779657062746405,0.25904526423174246,0.24875069821215906,0.402765338198661,0.40874772011843485,0.5004934661378273,0.5922760137292861,0.31171036031906013,0.40984612001752213,0.3220492564415119,0.32029499451960897,0.4466265383177962,0.3952374619315221,0.6058793747253826,0.19125269498392924,0.4208938729423096,0.3957764952889857,0.3138687849073786,0.5487495503028897,0.3885973530489983,0.6201047592946574,0.5609719313083906,0.5536882593860876,0.4401663110214338,0.32620009447816717,0.5427204462384067,0.2696221704227846,0.595461327162813
CHTR,0.2632628202701568,0.284997192056411,0.3022966654169454,0.29162749885102596,0.29596712551397153,0.31348333038205933,0.2676471989594722,0.24586725275872193,0.3174279351617973,0.30225698452556704,0.31571665547841454,0.2204049135003146,0.32331042887807193,0.2310253695090447,0.3454805446849431,0.2255905179110718,0.33984733857486016,0.32312690699681035,1.0,0.294010068630854,0.5069118899609047,0.32700468748167294,0.2781393323995871,0.28066186703913437,0.2697530453401664,0.27961882136398675,0.2984103324266628,0.26903365124477185,0.38595535637335515,0.18492663204620738,0.3018508850951948,0.19094294224794317,0.3066111389051956,0.3083312239928766,0.31696306098709953,0.269208221209204,0.2351783962898462,0.27078921296624164,0.27064765785394557,0.3370652552844617,0.2448845243376371,0.3404846134168694,0.35080646645249786,0.25409474212305105,0.2746823005506506,0.2993116067737396,0.35436302836709355,0.2404348818929434,0.2835913687123465,0.2597466379499451,0.27989705629831785,0.2881582820449263,0.3160930486385912,0.2666420242992238,0.2850233014020884,0.3312126941925949,0.3534814480321407,0.19806007841996465,0.2752135074775655,0.3360974268438816,0.29428388771842334,0.21689513388991793,0.16016432450016213,0.26829409506041163,0.23423403121234126,0.2998966792331387,0.28327216873285743,0.263314792261545,0.3167409881662536,0.25096620495606337,0.2359855027104119,0.2603485725945666,0.30593634896071686,0.27474734399826223,0.14284357942891202,0.2601464738787196,0.2958314919426926,0.19713442783366006,0.30583608603923107,0.2824896034369135,0.30035094136802903,0.2991063276568358,0.36439985880365705,0.3137654071775261,0.2532904949859407,0.3427059628902289,0.23884784038869203,0.32050028547435966
CL,0.25921244176479513,0.39810816292773377,0.3997126245985002,0.29668656684424116,0.3178216398419875,0.40002047921944783,0.35251484970684643,0.2606811374338723,0.3574174115558226,0.3971744289702257,0.2571428738904283,0.24219267588104187,0.34009976906175193,0.24503135627212858,0.4034993100346153,0.3098379535141354,0.3081987676940584,0.3189801336720123,0.294010068630854,1.0,0.3693477028701112,0.2931744059246589,0.2956498801125811,0.41131174977591145,0.33726857516756037,0.3701661754101285,0.38457927288046995,0.3345611316232701,0.39506843742767705,0.43966403553949135,0.385816996839824,0.36696412313214266,0.2983328092273041,0.37299566721418154,0.37372572688540656,0.3401887303889246,0.2632906188866898,0.30283440230986247,0.3051372049084812,0.29604499468630013,0.2669555362056563,0.4012063861762486,0.4427785535057854,0.3624882767434402,0.30908209823055294,0.4801878405561144,0.33282993185327775,0.6521082426818703,0.5618207713037879,0.33631117404265515,0.3605450012467115,0.33810381687607366,0.3705209943889281,0.4075084920836347,0.385642549107049,0.32563360697421284,0.45350537612566755,0.48988163078223,0.36664564413079076,0.30771916901274093,0.33884714257177717,0.4259265612741621,0.12663859492531773,0.33703893923338263,0.2290395787297389,0.3588808334902712,0.3287114503132772,0.5811859586316447,0.3615677401786581,0.6552059658629147,0.489856128500866,0.2525041953367864,0.37734742478557803,0.31766805643908175,0.4277641964685288,0.420418963379762,0.41604287530901685,0.2823040906927058,0.34782653605153535,0.31743931913487233,0.36529931087667084,0.40912354390518413,0.36883597812153185,0.3735719027410669,0.41150352204968954,0.3454663531313007,0.37701587498813305,0.41767710378550194
CMCSA,0.33621191474086415,0.3917349812549628,0.4397607398698432,0.3826339880243282,0.4146464356311017,0.47516993061354124,0.39940660502707387,0.333155390352581,0.46593455675981166,0.43701846676814166,0.44333688596016846,0.32623338014119396,0.4753454588041571,0.32597293216455114,0.5084638652347053,0.3020679357086867,0.47025456198865423,0.4728723559707771,0.5069118899609047,0.3693477028701112,1.0,0.46233640782477387,0.39396223347098297,0.4287349609477232,0.3980847147537768,0.4147705105105875,0.45033395852092,0.38038525758886355,0.6139719242568794,0.2813851322236059,0.4778765503314947,0.2640126973819167,0.44156283852992,0.47967401607143945,0.47625095435385817,0.4385025354437746,0.3410032628879534,0.37558701647727755,0.3775106146429738,0.4849129265002264,0.37085733268277243,0.46968404206786857,0.5372502245781935,0.40839794998964046,0.4113804180783631,0.42834840425835047,0.5090397779580215,0.33572374901741747,0.3889247708152164,0.33258828988096517,0.41304275485270164,0.41604984790730654,0.4090851623494048,0.3296855055867927,0.4288646912324072,0.490158944217668,0.5025446365660805,0.33577395960891016,0.4077450197631138,0.4789812845051964,0.42337325614886867,0.3238571938954149,0.19084286114928403,0.3861341779889796,0.33525884168843545,0.43006713569067867,0.421067700798818,0.37077422560718376,0.44689347793166295,0.36477941346782516,0.35792552825369744,0.3781047148332262,0.39553879906983724,0.4178955281766269,0.21922919124014922,0.43553181850872263,0.4485669540955344,0.3279612242799048,0.4446599395907367,0.40709283611671054,0.4738030989308131,0.4820800456272207,0.5252016478131206,0.38940390396857943,0.41046327911447633,0.5080085554667536,0.3146659400063652,0.47924256799276443
COF,0.38056330412679135,0.40635761463492687,0.46440885491370565,0.4046134461886135,0.534802919458097,0.5386013579104866,0.3774001797092893,0.3311529123142049,0.6807553650574916,0.4952722040830009,0.6708163289518796,0.36544752525303703,0.660383358659939,0.37376274682840344,0.6305714392857992,0.3006489800350741,0.6635014572450678,0.5226827611053144,0.32700468748167294,0.2931744059246589,0.46233640782477387,1.0,0.45229847086891184,0.360093850671837,0.426867347369592,0.4025400008935245,0.4835909542035384,0.3937052630246501,0.5019712184445403,0.186326074560469,0.5511730298443945,0.24192179284171708,0.5164332144585877,0.5326331843504861,0.511339926041425,0.4834092605287113,0.3239362270996134,0.41379565414619485,0.40788298924093885,0.6243656268438292,0.43062816407205406,0.48162088133028447,0.5929681695253485,0.4174417007773995,0.44724604832446946,0.40327688321926797,0.6882431744955826,0.26975347105506536,0.34590200789027453,0.3283883666217743,0.4147054668228319,0.4432655006379818,0.5055951529055186,0.3320544359808971,0.43661976426285964,0.6487969484393371,0.5157761759598325,0.2756278753413526,0.3950108937683659,0.6378425816251753,0.4282914141055747,0.2534967799820605,0.2315560290122031,0.4151630815186316,0.37077480312090905,0.45183746252772344,0.4621979397050182,0.3099603239974268,0.44810171360810197,0.31352665983258016,0.30341827299225715,0.3948294952491965,0.41655268870294976,0.47591874697870534,0.1593439716703931,0.4370677152739574,0.3567866744917306,0.31632800782833015,0.48242770536835705,0.4173089749342591,0.5137552776942083,0.4924722695843534,0.6976153638406846,0.4620618936341339,0.3207479562509351,0.7019215671335602,0.2696755531451845,0.47601404400635405
COP,0.31378885101629606,0.35767548027851126,0.39348759243597686,0.34592359323781097,0.3988617052943487,0.4163292352791927,0.31890531482653794,0.27477812754210346,0.4179284145742691,0.40895657336932495,0.4467660071502244,0.2504549593247199,0.46705620122608016,0.30209616190709615,0.4895855297160768,0.25442497553873605,0.4683093947587112,0.5641109361413819,0.2781393323995871,0.2956498801125811,0.39396223347098297,0.45229847086891184,1.0,0.29968358899246395,0.36615399397715737,0.3145422121029649,0.7583638783779941,0.31733566849065253,0.4251017080286528,0.2002047760277783,0.5427398965277953,0.28135280408919167,0.43238410516470666,0.4265651916659536,0.4235990030537458,0.43364745896768947,0.26874427414201724,0.329404278175941,0.3269681490084308,0.44686400958998895,0.6541197109939105,0.3609712567406563,0.5000054352450914,0.395103830538481,0.38665680628762134,0.35601805298158945,0.4848814796081875,0.2572343134990665,0.33810057702959867,0.3017955503015015,0.3253621298653866,0.33001100812997464,0.392773149034541,0.30409081926743964,0.36051876196443083,0.5034478482577501,0.46020524487754905,0.248717991771474,0.3595687192188136,0.4635240525233362,0.38408774231595166,0.23492072325113952,0.1750023485293175,0.3089820856282267,0.28639131116772304,0.3837210194176058,0.6899571524461591,0.29072343582971455,0.37494130924487185,0.30654002857742935,0.29596529675672406,0.35368262984598575,0.30754061350859363,0.6701181742023078,0.17049200449821808,0.3409950326857542,0.335202840526509,0.2689990267791689,0.4121105429233755,0.3367105872574654,0.48376233762095394,0.42401220019631386,0.4775549230032424,0.3550963762043127,0.30318331474757565,0.46528152054163824,0.22945871111756805,0.703513358916764
COST,0.30823204039597685,0.4011302650043846,0.41032318285915514,0.3531064460654517,0.3309740663740655,0.4263914842188945,0.3425159801479374,0.32605435890927836,0.39708705378193687,0.3596326208819811,0.36052885104463395,0.2520372609796843,0.38061669942189497,0.2799927078384375,0.4351219423278371,0.28431060806897296,0.36779714099874755,0.34526481855330976,0.28066186703913437,0.41131174977591145,0.4287349609477232,0.360093850671837,0.29968358899246395,1.0,0.33535718971386663,0.40781869491669914,0.3837910247876872,0.335161401464544,0.42234011708645697,0.3040751082977869,0.39525202420437117,0.2664708132121604,0.36530046595089655,0.39130411966192724,0.4028655372596591,0.3385794972504277,0.28427148585307915,0.3459872384782515,0.34850671723181514,0.3666727965339585,0.2645834505795915,0.48950262978644604,0.451215788246206,0.3538793487014706,0.3493078601851047,0.4302117764226227,0.38062178780358497,0.3956676418830565,0.41153951265412164,0.32381999805424855,0.36502577542808323,0.41342157880483676,0.3855536938709922,0.3768585260853636,0.38361839080357046,0.3773970482839625,0.4398948997003162,0.3779251175145186,0.36322303699764624,0.35024494929329875,0.3949716491462334,0.32378623424386727,0.17652565582174254,0.3768239739013144,0.27269452392301785,0.3559811605610162,0.32428013734859784,0.4236664635488514,0.3913498138245303,0.3890084800605727,0.3460014674387151,0.3160581725827947,0.3970297828971379,0.3189849312267208,0.29382780379759643,0.41243001588450884,0.3744051109266875,0.46136194464780295,0.37962123128852393,0.34397234000401594,0.3822206555664115,0.41171218371745055,0.4303254831998906,0.35964094144159875,0.37748357617771466,0.400934690413619,0.4934838092557015,0.39025828479569014
CSCO,0.39287322243141093,0.39477419058050034,0.5012293670578328,0.4300811405697279,0.37224399333980895,0.4357068949299987,0.3371087202282478,0.3697201525010141,0.4261106970563865,0.43482709932029745,0.439700162803027,0.26982165725874274,0.46031992283844786,0.3662266873671994,0.4875653163623686,0.2650128957580474,0.45489504812125775,0.46587792329539107,0.2697530453401664,0.33726857516756037,0.3980847147537768,0.426867347369592,0.36615399397715737,0.33535718971386663,1.0,0.3366636978178901,0.434320822871838,0.3641403233024486,0.45465576478498565,0.2236202224652957,0.4928130533681763,0.236465740848708,0.427112998356362,0.4534121085969018,0.47239844158727273,0.40027538051575723,0.28664066687267675,0.4111366088578471,0.4119552877533362,0.4485096577634248,0.34690099096812216,0.4084417014531606,0.5198141666699828,0.4591714029055385,0.4929524394829792,0.41324779580530807,0.4763811474699045,0.2961315919394995,0.3482797898729447,0.32371850347249415,0.38656970121650897,0.37983026469994896,0.446840609522753,0.3380287534961061,0.40299458114807246,0.4531944727152589,0.5074588528732171,0.2927541892802942,0.36305201511667234,0.46111468800946326,0.5110441447434774,0.2720233318743651,0.2148946895045019,0.36810097385579105,0.4096911722517399,0.49406108595499726,0.39530543754870534,0.3629064005706608,0.37918067531288274,0.3303619971463873,0.30879530784891895,0.3981410229976794,0.38030178678312826,0.4032636429924304,0.20008067546466,0.3770312451739379,0.34445929706531564,0.2851731781830151,0.5157559556248643,0.34971786869273735,0.4415428436762723,0.46162661790610154,0.47137993648435744,0.4148494618505675,0.29932649930546773,0.466806859533135,0.3051771603408681,0.4439222249407465
CVS,0.2757729908066772,0.4029865491083886,0.394417548214539,0.31846938644342937,0.374635005796159,0.42203476388491495,0.4014492267740649,0.26174086678122177,0.42912048698152083,0.3816055896266256,0.39196574362880926,0.3100643725948382,0.43352813318029026,0.2548966936418872,0.4438519355959281,0.2851606918114996,0.40848476142616263,0.3800631525929067,0.27961882136398675,0.3701661754101285,0.4147705105105875,0.4025400008935245,0.3145422121029649,0.40781869491669914,0.3366636978178901,1.0,0.38161838030773204,0.35284855501559187,0.4273319126793105,0.26813912535001133,0.4004410658023039,0.237055885538115,0.36413187761963656,0.4188217760446451,0.4586467619239326,0.385241002563959,0.3289985616940599,0.32341062989632813,0.32499290896859995,0.3942009319050873,0.3209762982580623,0.44370443196894116,0.4947233167087109,0.3317442976509646,0.32445379084519466,0.43172587513294075,0.4326564488730742,0.36059825184652844,0.4015768264578893,0.3421476507269906,0.370204344965454,0.38299606859723523,0.3774549905209366,0.3416389396724757,0.4212822527823512,0.42511327075339905,0.44001645070029816,0.36152824715184484,0.41253962252293325,0.39293551132086507,0.35126974089699936,0.3108060985877106,0.15513477528316066,0.333052213448843,0.25322611144097285,0.35767378470943545,0.3639130764748925,0.3921787454195969,0.44538470451720236,0.3571443174034469,0.3434805391013253,0.28825397843585804,0.370170548023549,0.3521576927041202,0.23809483315020916,0.392078098089178,0.3646987972289008,0.335620144448157,0.3601519011837745,0.40933463150013544,0.3833626074394503,0.4211624758434865,0.4456970191269644,0.3595328590425185,0.3887514665213371,0.43971895545198036,0.3849133703722633,0.39823203421299774
CVX,0.3509879929801582,0.4318419004361859,0.484556478054264,0.3758393413673467,0.450913442373331,0.4972052949127146,0.3665805852490678,0.3294004936018672,0.4718271779885722,0.48211197951160295,0.49092704509158575,0.3040542126098979,0.5393023505338757,0.34462039060706906,0.5669450274493025,0.30906123458205753,0.5299575808094177,0.6101600268350061,0.2984103324266628,0.38457927288046995,0.45033395852092,0.4835909542035384,0.7583638783779941,0.3837910247876872,0.434320822871838,0.38161838030773204,1.0,0.4151524784270072,0.48274197872042257,0.2983318814361289,0.5931323547850912,0.35139224657209206,0.4930784710549298,0.47390265206987364,0.4897713145925426,0.5052617111831502,0.3156050334545906,0.38106115621069814,0.3797479413514788,0.49910369449292163,0.6437998507899816,0.44155524738970636,0.5929767547409944,0.46112705131133896,0.43198118439308975,0.46292211035267,0.5485166685875656,0.3320130588442518,0.4444481903848345,0.37485741730611,0.38401075974519655,0.3829704561288748,0.4483091651579168,0.38451518009213376,0.4434141268462099,0.5500683423931061,0.5599502438811969,0.3345112932619639,0.43064999276027777,0.5120194107963355,0.4424521869787136,0.3358431861186006,0.17369183813147013,0.3532194090454772,0.3205589739241079,0.4631219886103984,0.7252975557540595,0.3776051373817761,0.45370825653389535,0.4048660128092779,0.40355529101700505,0.39432834810085576,0.37123894652669914,0.6983360379220936,0.25288159221258255,0.4399584305432463,0.42782965332217043,0.3170705433345252,0.47136296856330606,0.4037302777797713,0.5506183773021764,0.49929326131410534,0.5531839197855476,0.4072732584805759,0.4044153503193826,0.5336729491815159,0.2904053384285389,0.805567253678197
DHR,0.3159820506697927,0.40931303361154997,0.436790652262391,0.39874719463587827,0.3833309953985868,0.43387157158205814,0.36495023344349764,0.33414582407509874,0.4164746499258585,0.43136138903997734,0.40495483989788306,0.2985466507833304,0.441141939088125,0.3464032327138878,0.47664063907051485,0.28625355323514684,0.41991437750559807,0.45437185693752,0.26903365124477185,0.3345611316232701,0.38038525758886355,0.3937052630246501,0.31733566849065253,0.335161401464544,0.3641403233024486,0.35284855501559187,0.4151524784270072,1.0,0.4351228153654757,0.26325604099040184,0.47947289140702737,0.2399956050299531,0.37785628393441967,0.446723629244277,0.4526228890943335,0.4116923757132755,0.3058853762781856,0.3811684518107407,0.38016619110391475,0.40055919705602805,0.3476850536226298,0.42343143997445604,0.5476748861148256,0.3881440494496692,0.3960117261599606,0.4368656264381202,0.429885511604389,0.30562614484145223,0.3816159862437139,0.3359257511869848,0.3850063471122153,0.36824225247413506,0.42795179062198907,0.34339128861713664,0.44220233925434144,0.4337418857260364,0.5354940466944809,0.3071030348310608,0.36580944374773255,0.4129256546676338,0.3906825168638522,0.3017239607170728,0.192689937709284,0.36405911203069447,0.3356005980395729,0.4165560073901516,0.4103439001911181,0.34649764579478026,0.42051934390260354,0.3143118463186898,0.322736891145643,0.3432700020309102,0.381227932371408,0.3998068820023474,0.23991325468698893,0.3911525795033073,0.31675450361244123,0.26667012281914415,0.43023582099788477,0.3707490980764117,0.4414321898002756,0.4424307360985665,0.4450658207333731,0.4041890472345707,0.31389390176016485,0.4480016210537296,0.27765303531897445,0.4220410025352202
DIS,0.3727881718727275,0.4478793229136048,0.49115056368054205,0.4383951492843527,0.4724234800114864,0.5096400646564364,0.42642909651126376,0.3896361199879376,0.5223154843338591,0.5196335725698569,0.5221743600049457,0.34453102630884186,0.5454381200984117,0.4115196392208718,0.5586680614789531,0.3257924162997651,0.5488484390777728,0.4952681844157219,0.38595535637335515,0.39506843742767705,0.6139719242568794,0.5019712184445403,0.4251017080286528,0.42234011708645697,0.45465576478498565,0.4273319126793105,0.48274197872042257,0.4351228153654757,1.0,0.27806905722640846,0.5091206720285655,0.2874758820950591,0.5110179971339041,0.516091400497149,0.5205724371996561,0.4956268801142587,0.36125391962504694,0.42902147699378035,0.431002944044169,0.5184827366644817,0.42569263011275793,0.5012840846828952,0.6111469710230529,0.44855422735149875,0.4553129322449743,0.44146390579068595,0.5591225824296824,0.3704132053943453,0.4391265063983597,0.3475334437019251,0.4351769429316005,0.43196829722773067,0.4770557730250559,0.3731579854053969,0.46313493140146894,0.5622061190543379,0.5655802726738262,0.3644319005190046,0.41988359451337964,0.54144518499433,0.45295204748165147,0.34199363328790067,0.22361455233707378,0.44651780714990685,0.37374635983656534,0.47214415021850203,0.48285070379847367,0.40054487057373916,0.47134843278972943,0.40302908686645245,0.3842456763823411,0.4151582744312517,0.4614869962464496,0.4803296812694862,0.22166625447290353,0.48354887294363846,0.4511778163598087,0.3577905823011943,0.486687681295988,0.4263371975441879,0.5186411554585862,0.5137425163767857,0.5729126687296905,0.4494540203390499,0.39954607328429254,0.5630929532885143,0.3422634323259707,0.5133850084976775
DUK,0.14185493361980106,0.2825394086154783,0.26966865966400355,0.2196875780881915,0.21782243498934356,0.3377185228514521,0.23998764862372166,0.15533712569720753,0.261341587977885,0.24428973855065692,0.15507869260864518,0.15993790266868893,0.20586702128086248,0.121974362559966,0.26477992621796886,0.215966432710193,0.19684948088600376,0.2106535957984827,0.18492663204620738,0.43966403553949135,0.2813851322236059,0.186326074560469,0.2002047760277783,0.3040751082977869,0.2236202224652957,0.26813912535001133,0.2983318814361289,0.26325604099040184,0.27806905722640846,1.0,0.27157891846591875,0.6461155828353253,0.1976102057705531,0.2634305422230017,0.2873743086599213,0.25921754232599853,0.15175486789193857,0.18711314119710948,0.19244198326146195,0.15344353734742935,0.1845939560073228,0.27182654127920414,0.3217716217304218,0.27648941038837554,0.23630354955115054,0.37007682306514966,0.21706430100500138,0.44208116918969864,0.4705946620457141,0.3007855337859754,0.2751614264018046,0.2116960095886268,0.22672848538950618,0.3128372417589019,0.30664415526816435,0.17019771059840594,0.33821494255668005,0.405655194369194,0.3064397519551684,0.1927276988799803,0.2516541912702488,0.74863330446597,0.04140600884414765,0.2100872575683852,0.12321896399205215,0.2544381426270381,0.25943634901626034,0.47411308358201726,0.31500459970456784,0.4351066082515766,0.3791947332916252,0.20918257932064413,0.2355550126188396,0.23062539492684447,0.8021706481059531,0.45934129589608175,0.36701778009792924,0.17108408763631525,0.22189510461604672,0.25416533289873233,0.2484714943509932,0.3030224459410221,0.26821988590812196,0.22648061925457152,0.4039636901294498,0.23605778907936725,0.30346150507376807,0.34627719313557875
EMR,0.40255437175001196,0.45497650655755356,0.5490941009698139,0.4403270597519506,0.495391568168089,0.5495553656978159,0.374088540785261,0.3596079289393205,0.5568753673564816,0.5623825453116635,0.5355700074860542,0.33098522876390396,0.5825208129052665,0.40327328023828446,0.6249845772471112,0.3075220297295828,0.5670189081338716,0.7070080954024077,0.3018508850951948,0.385816996839824,0.4778765503314947,0.5511730298443945,0.5427398965277953,0.39525202420437117,0.4928130533681763,0.4004410658023039,0.5931323547850912,0.47947289140702737,0.5091206720285655,0.27157891846591875,1.0,0.31543299743365716,0.5316458469267383,0.6030618684587472,0.6055933195768943,0.5374847296736193,0.35044129882939223,0.4392714632183473,0.43776219608568256,0.5491114060482125,0.5549989325024676,0.48920365080690414,0.708443542963097,0.49978146735588524,0.49628543716946805,0.45594026550261746,0.5794741985044586,0.33078784908634995,0.4332650261222645,0.3568287007523768,0.46947105701719727,0.4456350080685856,0.48824463943085167,0.36810860559352554,0.47446602976706465,0.6027667039574781,0.6645678360634358,0.3207030303335101,0.4097692211237001,0.5657858998394191,0.48159542351642903,0.337846134082311,0.20910472978369984,0.43521484630216306,0.4122504257075947,0.5375158448404891,0.5869018096869816,0.37462939031772274,0.47298907183542577,0.3835780003371316,0.358859150882917,0.4607618910635831,0.42816821322247917,0.6160735018149378,0.23682663342131177,0.448443915529559,0.4212539019616882,0.3381589283833578,0.5585346845166004,0.4113358282837772,0.6078185588023886,0.5962918828681614,0.593351459126075,0.4568458830404988,0.39272319359692986,0.5799387034569036,0.30088063934169385,0.5945981473018526
EXC,0.183998520820167,0.25958724467497196,0.27370965759023413,0.20085804058764414,0.2489273531754491,0.3403053941629074,0.22609945029780656,0.15383799372081658,0.2820716772703075,0.27471373561985823,0.22763273258567857,0.13777556412277012,0.2594466165272138,0.14627360603976117,0.2992373054717632,0.20192615793416144,0.2514183683331195,0.2774584760299016,0.19094294224794317,0.36696412313214266,0.2640126973819167,0.24192179284171708,0.28135280408919167,0.2664708132121604,0.236465740848708,0.237055885538115,0.35139224657209206,0.2399956050299531,0.2874758820950591,0.6461155828353253,0.31543299743365716,1.0,0.21295671683494763,0.2857289261014258,0.2950861997809178,0.26492683329687916,0.1709531429794248,0.19983051140728694,0.20179476706072363,0.21189450349976421,0.2626880425789771,0.2578969597590378,0.3401591258678524,0.27559087155179635,0.2549200942584086,0.32576111472189684,0.2576397189858405,0.35271196671943583,0.4191966847509507,0.26078822711760863,0.2202878469732562,0.22244433498808264,0.25299785794621804,0.2862757870330458,0.29054589512235846,0.2402241464493061,0.34408470467910174,0.3269876539453904,0.3130954898852136,0.2500330654929463,0.2589534853305247,0.6266586418273866,0.07822562117480514,0.2116893389789667,0.16234329732715796,0.2521391331664011,0.3195020674796802,0.40633055033879323,0.2764911888834848,0.3801381264852148,0.34340207116400445,0.23589175591687792,0.22205101737917937,0.2940081631415298,0.599641439687456,0.38611049160524796,0.3229838458029104,0.1987912620372651,0.23095442040138808,0.23944749933943324,0.28765523693651507,0.2995179934498536,0.3057230972686626,0.23445673707698023,0.3460489883985173,0.28216328808998636,0.2560592625848859,0.3606022662723855
F,0.3650669921134311,0.3627415729700225,0.44256936247366235,0.38701762079497715,0.459810919369073,0.48650035892315024,0.3349952845748758,0.35840028573494254,0.5118101096249585,0.47150021026147926,0.5389110503922174,0.27691142937413366,0.5388338759499497,0.40144300855526743,0.5613007371856904,0.27167498222468495,0.5678690177689742,0.543371220587966,0.3066111389051956,0.2983328092273041,0.44156283852992,0.5164332144585877,0.43238410516470666,0.36530046595089655,0.427112998356362,0.36413187761963656,0.4930784710549298,0.37785628393441967,0.5110179971339041,0.1976102057705531,0.5316458469267383,0.21295671683494763,1.0,0.5283981525202227,0.48448195850491893,0.47440888429867106,0.3026511653729788,0.3777482640802798,0.3775725404419246,0.521146935227094,0.44192701907713733,0.48604084240255485,0.5597080830122656,0.4144041297982105,0.42225745098971706,0.3618156292932348,0.5735091653557917,0.2570512582485107,0.33540910604416435,0.2935669615405069,0.3786693658138211,0.4398944055230306,0.4314058722837502,0.3307360197899287,0.3957405137589346,0.5748410797999524,0.4906720294126336,0.2923961629952629,0.3263727335403498,0.5535283203089392,0.41642094851284356,0.24850812614903758,0.1958448902134873,0.4016012924772408,0.3733914275659384,0.42457747524594897,0.45533690133853727,0.31323385785979163,0.3682919362940125,0.2965935628219822,0.3150309969119455,0.38018702794434306,0.43095364922105145,0.4745979976936282,0.18557422239641735,0.44603840534009215,0.36648035493718173,0.34620863397153284,0.4673477984137426,0.3771062622873218,0.5136769126287942,0.4990841707446785,0.5607723224051876,0.40032141245628494,0.3309716525321997,0.5510264390866859,0.28378334867111377,0.4572636387600364
FDX,0.358465934546647,0.44008020318875574,0.5111553893501595,0.46872124935347736,0.456906859385834,0.518059473905605,0.4149409925717955,0.37382279351967096,0.5128654347382217,0.5442936743208817,0.5334731997184945,0.3254547842728554,0.5667521166031302,0.4028766449282893,0.6165737948346709,0.2995400516592872,0.5662170378917054,0.5911979935669858,0.3083312239928766,0.37299566721418154,0.47967401607143945,0.5326331843504861,0.4265651916659536,0.39130411966192724,0.4534121085969018,0.4188217760446451,0.47390265206987364,0.446723629244277,0.516091400497149,0.2634305422230017,0.6030618684587472,0.2857289261014258,0.5283981525202227,1.0,0.56381203840446,0.47919523541931724,0.3420781256490292,0.42663589350249687,0.4264995032869945,0.5414327597062091,0.45549512711375395,0.4963556815282575,0.6414934448482263,0.447001323358361,0.47110724721624736,0.44007312905139895,0.5762990712782637,0.3292788016290957,0.4164104391659623,0.3121750414939456,0.4495237543537623,0.45692131074892794,0.479140345457914,0.38004236054534346,0.4625498268506026,0.5873857771695938,0.5890351142494101,0.3319238647454016,0.3994957460111804,0.55896592006867,0.45248988812757235,0.33379106989682406,0.23396852199158152,0.4290912686542386,0.4077169741924345,0.4812952110422228,0.4757162878026791,0.4074980392399681,0.4454652460960855,0.3669032389776775,0.3510213649077731,0.4046992348314808,0.43310455486430416,0.484125596815262,0.2401340536094973,0.4460407853250086,0.3917219935547842,0.35025228834883676,0.5168902668147998,0.4333260517418611,0.6115112594527651,0.731404993576048,0.5718546618086169,0.44185968183692403,0.3467340393585349,0.5640237093339566,0.32129530960092584,0.49500841161743747
GD,0.3719031459583627,0.47421542704616687,0.5256349690192329,0.45186378553256357,0.48638019321351433,0.5168450255206516,0.4218239037111378,0.37171293105143255,0.5238005731845626,0.5832619067560795,0.506812572756688,0.3461606071469369,0.5587758346697707,0.4023717933453988,0.5741819191181561,0.3497570630513237,0.5326913138071965,0.5860233690391952,0.31696306098709953,0.37372572688540656,0.47625095435385817,0.511339926041425,0.4235990030537458,0.4028655372596591,0.47239844158727273,0.4586467619239326,0.4897713145925426,0.4526228890943335,0.5205724371996561,0.2873743086599213,0.6055933195768943,0.2950861997809178,0.48448195850491893,0.56381203840446,1.0,0.4805405076817976,0.34959599558792354,0.44375505118202346,0.44633927449334126,0.5260217024656852,0.42209064452850975,0.4901214975316517,0.6904185086396755,0.46535170277430904,0.46903584130312387,0.47986319223592955,0.5536740540746643,0.3521446538601985,0.42015819601824317,0.38690510271403156,0.682232562858746,0.43354754200314616,0.4780135184659946,0.40726261697850547,0.49576040367519564,0.5631712636685954,0.6225073774719437,0.3390999162824422,0.4480935426358455,0.5436672653368081,0.4960995386629169,0.348735358158511,0.2352321427163788,0.41584256546979964,0.4018390548069791,0.49822529359493095,0.4896887018647824,0.4007649393626244,0.47504316102119626,0.35869090839904033,0.3583009497916677,0.40728525941058513,0.41978583295809146,0.46910308253096067,0.2515265865828952,0.4159831031422212,0.3861418402946563,0.3092874486625398,0.5070523415548996,0.4368264941001307,0.5595146092578925,0.5540327660708286,0.5715437672030353,0.4536146111385222,0.3749622630763014,0.5483619495687959,0.30927412286173617,0.5128880122384547
GE,0.32697536523942006,0.3869212856791705,0.43677814045007246,0.3782126917047204,0.44835476570194555,0.4768936054935417,0.3472693906137181,0.3048621344363828,0.49340080135135234,0.46961749367796846,0.5067756683931692,0.2664930893115075,0.5178057204084491,0.3312793174750714,0.5202696828861705,0.2819028154080194,0.5379398818255117,0.49900747557462194,0.269208221209204,0.3401887303889246,0.4385025354437746,0.4834092605287113,0.43364745896768947,0.3385794972504277,0.40027538051575723,0.385241002563959,0.5052617111831502,0.4116923757132755,0.4956268801142587,0.25921754232599853,0.5374847296736193,0.26492683329687916,0.47440888429867106,0.47919523541931724,0.4805405076817976,1.0,0.28719605202834425,0.3599972287119781,0.35917404767279854,0.506844800410903,0.4371069548776176,0.4324800898343586,0.5684388621078259,0.45944404920428095,0.37736829049799425,0.38877766647658946,0.5515127719900786,0.2806170259512518,0.370514296472151,0.32143155265313517,0.3811598778526235,0.371625863830395,0.4058069916859709,0.3478380677845452,0.43277758337852995,0.5130937576692974,0.5433674017954564,0.36727278845671535,0.37719363618200624,0.5230918746888316,0.3873159648605132,0.3010853867159287,0.17870411731447264,0.3556113013855386,0.3231718905082589,0.4171520084853847,0.46078182527141165,0.34688654469701236,0.43559126423308403,0.35370492576706464,0.3384439254737574,0.3719875397575177,0.38064538106763846,0.4885943904672012,0.22242280375023044,0.4120497012993842,0.40381503777645217,0.3037834847172803,0.4291863407831253,0.3840694020926566,0.4905949200789906,0.4958479121462188,0.5496658422634926,0.3771066210725814,0.37927071848467564,0.5314297498466826,0.28142171076775296,0.5006501662594738
GILD,0.23918746344148067,0.41813845526132265,0.34340111619367597,0.3319044057688514,0.3100712849941442,0.3241110748127921,0.5298012855971819,0.29513170866887684,0.35405114621481887,0.342687696136841,0.3199600180896182,0.4770837911048619,0.34656204611653724,0.2877828025854502,0.3868637197957134,0.3490125548721364,0.3417284749707651,0.31793909192384373,0.2351783962898462,0.2632906188866898,0.3410032628879534,0.3239362270996134,0.26874427414201724,0.28427148585307915,0.28664066687267675,0.3289985616940599,0.3156050334545906,0.3058853762781856,0.36125391962504694,0.15175486789193857,0.35044129882939223,0.1709531429794248,0.3026511653729788,0.3420781256490292,0.34959599558792354,0.28719605202834425,1.0,0.3238810009495077,0.3257527521929071,0.33383783620174967,0.26850802211024305,0.3417798518211743,0.4010053263588383,0.30363580761649867,0.31593274359524753,0.39362024748388436,0.3422437038621462,0.2545838009184412,0.28944264037930695,0.3749360673406274,0.3150360588853859,0.27894342819935003,0.34469878203064397,0.27285430569231,0.3926383611130619,0.370036536366342,0.39094174663480225,0.2212101990427143,0.40462170152454835,0.3388393023728557,0.32292821264648325,0.18430486098260507,0.19284666946874465,0.2981728389845102,0.25905946053842355,0.3428718073520356,0.2820970332570958,0.2646528389796436,0.4281863275937113,0.2653434561621817,0.24212318844531525,0.2747670272561915,0.2991449754462723,0.3037023464628328,0.11703631259409447,0.28209331990449604,0.28088472050435187,0.22745466646678036,0.3348098783579608,0.33001690290686286,0.31922047035626433,0.32560920722045766,0.3589773020711071,0.3341503939428321,0.25425338950499793,0.3422555041652696,0.24348391372881772,0.33172599413655607
GOOG,0.45599029625434107,0.4177677129610386,0.4562773344109805,0.4773176703648098,0.35662564308688316,0.37976251216125817,0.38969657217689707,0.557664229363151,0.4381068916544968,0.4212648944815287,0.40213402938091897,0.3280007396308635,0.42267972059162673,0.47063794614553267,0.4768094042723212,0.2450853135734863,0.4261072046930915,0.42791520016254975,0.27078921296624164,0.30283440230986247,0.37558701647727755,0.41379565414619485,0.329404278175941,0.3459872384782515,0.4111366088578471,0.32341062989632813,0.38106115621069814,0.3811684518107407,0.42902147699378035,0.18711314119710948,0.4392714632183473,0.19983051140728694,0.3777482640802798,0.42663589350249687,0.44375505118202346,0.3599972287119781,0.3238810009495077,1.0,0.9952092510803819,0.43487024555606757,0.3422344391662372,0.42017044677441534,0.5101719186262091,0.40954687391247163,0.41425191037546916,0.371333436727565,0.4182124225646168,0.2654313944888765,0.3233149638043165,0.3219734516559386,0.37312277968792434,0.36619139858754646,0.5073327183043398,0.33719800066427424,0.41330824238668945,0.4214854338611489,0.47623872865939076,0.27088269190335673,0.3247045809632092,0.42150184150166237,0.5367521181949425,0.2560357924333835,0.30617843699447506,0.37878729909306386,0.41321711017048535,0.4355881316752623,0.3644273951774068,0.30112427721383156,0.3745946401995001,0.30046614046761155,0.29586439972713163,0.3823414185254089,0.423345001277396,0.3768955822356511,0.1670399215847101,0.325434565830729,0.30303186429832574,0.24568803153885022,0.47342305711677984,0.36567933391204294,0.40378548795062996,0.4182793308020166,0.44001753349411904,0.4823743725103592,0.2738396294442853,0.4207057532012681,0.24344106251626438,0.4001053390230369
GOOGL,0.45519920695257804,0.4222219633153502,0.45702633565475753,0.4799525502155879,0.3568702127038717,0.380406724300574,0.3890097977798523,0.5575973968225846,0.4372275116868923,0.42170795339916833,0.4001550265710117,0.32835029516191555,0.42167878296902184,0.47117578111738057,0.47421660064685645,0.24597946270360024,0.425438487954518,0.4279031713131602,0.27064765785394557,0.3051372049084812,0.3775106146429738,0.40788298924093885,0.3269681490084308,0.34850671723181514,0.4119552877533362,0.32499290896859995,0.3797479413514788,0.38016619110391475,0.431002944044169,0.19244198326146195,0.43776219608568256,0.20179476706072363,0.3775725404419246,0.4264995032869945,0.44633927449334126,0.35917404767279854,0.3257527521929071,0.9952092510803819,1.0,0.4352091227532545,0.3398479081122804,0.42023858661311225,0.511251506079621,0.41015195155493744,0.41278653812421556,0.3743204355372849,0.4166367493731131,0.26855961970714154,0.3278556282097078,0.3205196720522111,0.3749086018945304,0.3641495446763709,0.5088714313811308,0.3367916377486828,0.41283779845202695,0.4192797008429854,0.4783809847771663,0.2721958969435407,0.325496817926266,0.4202833388918837,0.5313726208603387,0.2606494942138636,0.30441566873346526,0.3815437310013998,0.41371477933693185,0.4361794049371955,0.36441208994446417,0.30631231057132235,0.373985886622211,0.3005080125916594,0.29865544190545035,0.38085471582025465,0.42163494531706985,0.37437950761277417,0.17171925640375565,0.32860888781977154,0.3050153765210577,0.24652024893685365,0.4729119048080336,0.365575062236842,0.4029453486517182,0.4185567894467352,0.4389349953794218,0.48532856291253534,0.2753886949303996,0.4194955224264248,0.24261476219742123,0.40122844124364093
GS,0.3664569749607814,0.42981635419762243,0.48430453102051335,0.43166333751523617,0.5417728090197182,0.5457131793988745,0.3947078722130604,0.34846776067803237,0.5864123825964985,0.5017676926896808,0.7410330997892792,0.3296049379740231,0.6975818169757989,0.3866457846400218,0.6495303535431929,0.3094819834371943,0.7576869190290291,0.5475321491092093,0.3370652552844617,0.29604499468630013,0.4849129265002264,0.6243656268438292,0.44686400958998895,0.3666727965339585,0.4485096577634248,0.3942009319050873,0.49910369449292163,0.40055919705602805,0.5184827366644817,0.15344353734742935,0.5491114060482125,0.21189450349976421,0.521146935227094,0.5414327597062091,0.5260217024656852,0.506844800410903,0.33383783620174967,0.43487024555606757,0.4352091227532545,1.0,0.451981252233057,0.4491809416010779,0.5732480483043542,0.43339049594964246,0.4476340979298877,0.41992533323901265,0.7998636376492676,0.254724081265069,0.3286666683723585,0.3457124875450607,0.41508077128349935,0.42059686179981526,0.47562417209490426,0.32499055675522875,0.439652298569239,0.683972934254869,0.547419719085183,0.26368441793023517,0.4083030368700451,0.825018194239875,0.46154592328193167,0.21352787073629764,0.22257038759989486,0.36762903665423524,0.3821339084805535,0.4845201600462504,0.47261048567916514,0.31409163139502966,0.4240667254791939,0.30963896257382645,0.30122501261962037,0.37873812453072225,0.3764072086056602,0.49859776566831937,0.1278634037656306,0.40817365632601904,0.3754463348570674,0.3133708313932568,0.4923178757834615,0.41475914891391763,0.525901218736808,0.48217653599110716,0.6887655628019388,0.4551542827171061,0.32492416744898234,0.6934294777925658,0.2621980868170441,0.5067141788600492
HAL,0.3257893866367374,0.3159059432336436,0.42653036472312633,0.3445212278948528,0.41168085819606154,0.44231933267803164,0.29633798663735533,0.31838430001810347,0.4111194955983873,0.42594434489401756,0.44870836642193107,0.25785247719496573,0.47394511914186555,0.34923229265540207,0.4937037747849182,0.20973214727029924,0.48209028518076336,0.580729230364052,0.2448845243376371,0.2669555362056563,0.37085733268277243,0.43062816407205406,0.6541197109939105,0.2645834505795915,0.34690099096812216,0.3209762982580623,0.6437998507899816,0.3476850536226298,0.42569263011275793,0.1845939560073228,0.5549989325024676,0.2626880425789771,0.44192701907713733,0.45549512711375395,0.42209064452850975,0.4371069548776176,0.26850802211024305,0.3422344391662372,0.3398479081122804,0.451981252233057,1.0,0.355155388090435,0.5334188715783102,0.38538595323038766,0.37545711591514447,0.3301794093034938,0.495503540976966,0.1954687396235117,0.30577517873349797,0.26300481063389547,0.3147537317326674,0.3312848546213702,0.4032669072630443,0.2814821225152706,0.3572869005699995,0.49994486744593364,0.4819434609040247,0.2216533047156216,0.32211677265774546,0.4789046210196519,0.36862191930725835,0.2459872040253432,0.2000546738810329,0.31744758724640854,0.3347605742365347,0.4068060988765915,0.6658934360020545,0.26778149266641466,0.3676492721295224,0.25113694078388843,0.2767506288239541,0.3741518867432258,0.3463152869629045,0.7906342393663846,0.15025042150876577,0.36200036469240493,0.3275587909366638,0.25340745890680344,0.4366555101395383,0.3207796422714876,0.5044509888060841,0.415520080750297,0.4645717396760908,0.367152616438975,0.2743609985063803,0.461008427903954,0.18963546241219936,0.6196897898256011
HD,0.3694947158025832,0.44391462086806033,0.48452745803516156,0.43024774007769556,0.4252245859432589,0.4701217372584764,0.4162364179679641,0.3872776031843408,0.5073947296824506,0.47906497627450567,0.4612198057628114,0.34031498105163377,0.4933532445026391,0.3641822749975211,0.5266267595479924,0.328231390232697,0.47913641370525123,0.46294806611389283,0.3404846134168694,0.4012063861762486,0.46968404206786857,0.48162088133028447,0.3609712567406563,0.48950262978644604,0.4084417014531606,0.44370443196894116,0.44155524738970636,0.42343143997445604,0.5012840846828952,0.27182654127920414,0.48920365080690414,0.2578969597590378,0.48604084240255485,0.4963556815282575,0.4901214975316517,0.4324800898343586,0.3417798518211743,0.42017044677441534,0.42023858661311225,0.4491809416010779,0.355155388090435,1.0,0.5806899128240559,0.4278947983618645,0.4277627479157443,0.4334080644424055,0.49006181806273336,0.36979795713299185,0.413576565484034,0.3230605710595731,0.4200975281700752,0.738048101571503,0.4785558421168099,0.4183176414868136,0.46890128906435596,0.4956501801521234,0.529761756463967,0.36426868467997525,0.37958898264556773,0.45128782303401727,0.4454514872919522,0.34306788944848204,0.21528720103191903,0.47508824304183,0.3394334584010436,0.44874050028744356,0.38433452254660777,0.4090481675663276,0.44489228439159845,0.3836153144260789,0.3612120848755073,0.35371903732441823,0.4814868791895993,0.38812016006283195,0.2547783372097001,0.4706522387055766,0.38808894270582145,0.46219693001055245,0.46455210331569025,0.4255001928175817,0.4932215102783214,0.5053526147177341,0.521792494864251,0.45967395265659794,0.3667297650725487,0.5094773208082163,0.39989980794470725,0.45149556507757643
HON,0.43882789847502984,0.5060410664618137,0.6131172918505127,0.5168091150593859,0.5421233920253139,0.5962232321738605,0.4614520274367627,0.41869331809215715,0.5977266760734574,0.6581856531422848,0.5845141509930297,0.39710427839996126,0.6354680482963384,0.4658393356091233,0.6625694824410514,0.3712455780437729,0.6210024000005656,0.6859271399869854,0.35080646645249786,0.4427785535057854,0.5372502245781935,0.5929681695253485,0.5000054352450914,0.451215788246206,0.5198141666699828,0.4947233167087109,0.5929767547409944,0.5476748861148256,0.6111469710230529,0.3217716217304218,0.708443542963097,0.3401591258678524,0.5597080830122656,0.6414934448482263,0.6904185086396755,0.5684388621078259,0.4010053263588383,0.5101719186262091,0.511251506079621,0.5732480483043542,0.5334188715783102,0.5806899128240559,1.0,0.5220692341929983,0.5176241198566643,0.530904876178787,0.6300487592642441,0.3995518078681134,0.49213253168449794,0.41632078839292086,0.5793149305493904,0.5047725202558937,0.5590475519699881,0.4307285655519278,0.5510695981140238,0.6446138972600918,0.7208052159762625,0.414370446516031,0.4737932470239096,0.6024823374409188,0.5399505455198342,0.4092509338597993,0.23257179881952153,0.49255864332353094,0.4424131854145597,0.563705900816061,0.5777649381208934,0.4499776734453795,0.5196915602661908,0.42005122078720547,0.42743223281832565,0.48872181353675015,0.5051260802679791,0.5814337248192196,0.29437542348637846,0.5090775914213684,0.44903232937338594,0.36731787293800583,0.5969625463016999,0.49307353440876306,0.6416857839140307,0.6250102695131725,0.6533558108855362,0.5183373507080777,0.41301111155833914,0.6375450151857758,0.36444028561474234,0.5881921552924176
IBM,0.3746603870614364,0.45397006866798095,0.5622815291241292,0.4068701845007929,0.370026621579785,0.4265231498186657,0.35185237462208835,0.34478939806137393,0.4384340238358515,0.45898942580609686,0.4025510641949792,0.2968302137414389,0.44137878874867814,0.3654804549235864,0.4917444312044753,0.26313596962290686,0.45880417276463326,0.471168168675178,0.25409474212305105,0.3624882767434402,0.40839794998964046,0.4174417007773995,0.395103830538481,0.3538793487014706,0.4591714029055385,0.3317442976509646,0.46112705131133896,0.3881440494496692,0.44855422735149875,0.27648941038837554,0.49978146735588524,0.27559087155179635,0.4144041297982105,0.447001323358361,0.46535170277430904,0.45944404920428095,0.30363580761649867,0.40954687391247163,0.41015195155493744,0.43339049594964246,0.38538595323038766,0.4278947983618645,0.5220692341929983,1.0,0.4711077930774115,0.4147275773202576,0.465166252615203,0.3033115606916181,0.4094097100079434,0.3195040635394306,0.42954867009755865,0.36923211085645896,0.43716093444684273,0.3646620741066631,0.4203929577043337,0.47319917933424716,0.5074820523375815,0.3249672530254607,0.38841746363482654,0.4276324120607573,0.48656518971344864,0.2949537717772751,0.18559528729216315,0.3533387954944632,0.35111442981401564,0.5208325712512283,0.41351573722405843,0.37040343601114595,0.3963719662555412,0.365564930176481,0.3590484211882026,0.384746240554424,0.3722275966691558,0.41221319977351506,0.24518710535876656,0.37744326942079054,0.40039972131408175,0.3009520711264009,0.4674407983537854,0.3918598733570355,0.4587207193095083,0.4581469271278832,0.46843559101381427,0.4121812118368988,0.359727501765571,0.4643299306117975,0.29181302641306234,0.48335876702501046
INTC,0.41321804333707984,0.43484299246233826,0.4846238926084699,0.4396162028021872,0.3823053196121146,0.40772706290849137,0.39249994515846093,0.36253776375349694,0.43907170556099095,0.44604057218946985,0.41562848827787646,0.2998423366774112,0.4668589013185733,0.3517295286911124,0.49528418524518897,0.27869854179724907,0.4470065443029128,0.4885756938357246,0.2746823005506506,0.30908209823055294,0.4113804180783631,0.44724604832446946,0.38665680628762134,0.3493078601851047,0.4929524394829792,0.32445379084519466,0.43198118439308975,0.3960117261599606,0.4553129322449743,0.23630354955115054,0.49628543716946805,0.2549200942584086,0.42225745098971706,0.47110724721624736,0.46903584130312387,0.37736829049799425,0.31593274359524753,0.41425191037546916,0.41278653812421556,0.4476340979298877,0.37545711591514447,0.4277627479157443,0.5176241198566643,0.4711077930774115,1.0,0.39755262997797153,0.4686352931580471,0.2869498656722,0.3753341520914184,0.3245112328616239,0.38072479344976917,0.3655335171608451,0.4280497178738738,0.32421097829745443,0.43776165089316327,0.44947937355092504,0.5236261557643378,0.28579523710592963,0.370200001057434,0.42411873506999104,0.5706840926056552,0.2845201110983169,0.22541869064762238,0.3683827317564226,0.4728865990953753,0.46202833920683195,0.39730493986241466,0.3528815021809158,0.3987584615335795,0.32825996002158875,0.3144985668804775,0.44080889399992307,0.3528607426753921,0.39656128633528137,0.22177109273438977,0.3744859124997603,0.35260139199866475,0.2785162387438806,0.6505038324914608,0.35192507191507394,0.45047742827899634,0.47411431163256923,0.44922576365227,0.4068818134389031,0.32326881439614946,0.44334728428756337,0.2677340418762501,0.4521478377796073
JNJ,0.2978768249085068,0.5326037017849284,0.4591107811187062,0.3953936319236043,0.3624857401497053,0.47496965129272856,0.5170707290096769,0.3144527765716053,0.442771445106747,0.45011282080206677,0.3767895274189746,0.3717279350109211,0.4488948382984729,0.30802769887472375,0.5066896302631635,0.4372293919486576,0.4255986267729283,0.39806054410943026,0.2993116067737396,0.4801878405561144,0.42834840425835047,0.40327688321926797,0.35601805298158945,0.4302117764226227,0.41324779580530807,0.43172587513294075,0.46292211035267,0.4368656264381202,0.44146390579068595,0.37007682306514966,0.45594026550261746,0.32576111472189684,0.3618156292932348,0.44007312905139895,0.47986319223592955,0.38877766647658946,0.39362024748388436,0.371333436727565,0.3743204355372849,0.41992533323901265,0.3301794093034938,0.4334080644424055,0.530904876178787,0.4147275773202576,0.39755262997797153,1.0,0.4591337188177817,0.46486195268502645,0.48707054237793557,0.5055072984789605,0.4379542376677928,0.3530342543706591,0.4283108840011927,0.43623766913778106,0.5182271208556551,0.449093579926766,0.5702114146803748,0.43199711317831685,0.5384426744639645,0.4139806334718397,0.41491589660817296,0.39548936409105895,0.15979460125968575,0.3640460378114059,0.27158060922283334,0.4185874352820121,0.38971800086798924,0.5157908669028504,0.5640659076956867,0.49795895826198994,0.407558158275884,0.351373274152151,0.38329278615430734,0.3887303278237767,0.34567076980862593,0.40376389141726177,0.4364581464003104,0.2854307660646056,0.4316386545740389,0.43271438244686167,0.4274190495822214,0.4692877871311654,0.48635208924266676,0.41705205960624103,0.457345754869203,0.46857716474714384,0.3770023696692882,0.5061712981799051
JPM,0.36557658262059056,0.4532023588090511,0.5221992494112979,0.4384126018618605,0.5941520954545879,0.62638407006146,0.41287055696109787,0.3454260138124697,0.6380344461001332,0.5348269598243608,0.8277202738689861,0.3292713644062849,0.755323162934984,0.3911781829606122,0.6830639581200578,0.33337797895752996,0.8319156782304422,0.575330353563724,0.35436302836709355,0.33282993185327775,0.5090397779580215,0.6882431744955826,0.4848814796081875,0.38062178780358497,0.4763811474699045,0.4326564488730742,0.5485166685875656,0.429885511604389,0.5591225824296824,0.21706430100500138,0.5794741985044586,0.2576397189858405,0.5735091653557917,0.5762990712782637,0.5536740540746643,0.5515127719900786,0.3422437038621462,0.4182124225646168,0.4166367493731131,0.7998636376492676,0.495503540976966,0.49006181806273336,0.6300487592642441,0.465166252615203,0.4686352931580471,0.4591337188177817,1.0,0.3063416936606313,0.3879504514648181,0.3705604642976009,0.4423588507233053,0.46369780853745046,0.494872722847702,0.3562673135750946,0.4752808494505414,0.7484889990757713,0.590291219657043,0.2977637614608189,0.44069758878944904,0.8181922124544063,0.4756968528009191,0.28944895300548545,0.19805986629178907,0.40288723888985345,0.38572095441717247,0.5085381579732051,0.533817950443459,0.3624915889474658,0.48139879717868855,0.3559203127638067,0.32619986966660985,0.4063021208554469,0.41226348111171407,0.5393885381727411,0.18170884438488843,0.4553487876200205,0.4161535203925358,0.34264383940326004,0.5059484352887369,0.45009535828372654,0.5548323044390799,0.5343456712610656,0.7885560939191544,0.4688475034008582,0.3807673366397592,0.7981301928135661,0.29669843583628736,0.5599716283368588
KMB,0.20590415250010222,0.36775711516464377,0.3215039011139153,0.24593413470265232,0.2538479526284522,0.3676324193934464,0.35456021370500357,0.19721111160101623,0.29146076736855187,0.3355262314760926,0.23874018793171767,0.2287061824615573,0.30988075519621194,0.19491750408829922,0.37158103273042986,0.31381147292574607,0.2663797295874105,0.2862113514944652,0.2404348818929434,0.6521082426818703,0.33572374901741747,0.26975347105506536,0.2572343134990665,0.3956676418830565,0.2961315919394995,0.36059825184652844,0.3320130588442518,0.30562614484145223,0.3704132053943453,0.44208116918969864,0.33078784908634995,0.35271196671943583,0.2570512582485107,0.3292788016290957,0.3521446538601985,0.2806170259512518,0.2545838009184412,0.2654313944888765,0.26855961970714154,0.254724081265069,0.1954687396235117,0.36979795713299185,0.3995518078681134,0.3033115606916181,0.2869498656722,0.46486195268502645,0.3063416936606313,1.0,0.5165432418738766,0.3560757320008543,0.32712080830358825,0.30627022389071035,0.2857343239688373,0.3756755136223202,0.3630074537544393,0.29181467053748356,0.4098376902104952,0.48139948153292966,0.379329738811727,0.2668388706466294,0.30979106229010794,0.42466874496508156,0.07496804980630796,0.31023221102676296,0.16977343014622734,0.3063333575020369,0.26482736852252137,0.5373548135342359,0.3830024624868268,0.6178720809349101,0.4441286538947353,0.26064246000120966,0.30776854304074924,0.2549390555877836,0.43106716020419295,0.4111629057394642,0.4271680281422308,0.2458770863617004,0.31065246992899653,0.2945088758449327,0.31406264448215826,0.3814144093159115,0.33750250750925137,0.29213399690723063,0.4449854745949919,0.3161917055148132,0.37406055843390196,0.37354648375306815
KO,0.27088047238781815,0.41290193621757026,0.42349769915815266,0.3406785314519152,0.35849020030818407,0.4416161089707351,0.3516408743380191,0.2664798027019636,0.39677004931577775,0.40738874539867537,0.32165849048409056,0.26411300974026136,0.4033962865967704,0.2842528133837317,0.45070344860973494,0.30050345797995937,0.3658443173158443,0.36976698848396444,0.2835913687123465,0.5618207713037879,0.3889247708152164,0.34590200789027453,0.33810057702959867,0.41153951265412164,0.3482797898729447,0.4015768264578893,0.4444481903848345,0.3816159862437139,0.4391265063983597,0.4705946620457141,0.4332650261222645,0.4191966847509507,0.33540910604416435,0.4164104391659623,0.42015819601824317,0.370514296472151,0.28944264037930695,0.3233149638043165,0.3278556282097078,0.3286666683723585,0.30577517873349797,0.413576565484034,0.49213253168449794,0.4094097100079434,0.3753341520914184,0.48707054237793557,0.3879504514648181,0.5165432418738766,1.0,0.35224459427067095,0.3844618843114227,0.3411728385382046,0.3734883891256275,0.45443283570939574,0.419481426768919,0.3787527151287755,0.49044536602281813,0.5208013095762919,0.41095131702430815,0.35159607166843965,0.38446077330630524,0.48397204056693044,0.11993058276610927,0.3596065481156304,0.23612483265314907,0.38545707398050144,0.3743841298148887,0.6623996366207883,0.4192097894465052,0.5694015270004034,0.5194708772709739,0.30857054371418347,0.3619036206554713,0.3616611835308258,0.4495285888351946,0.4365930624972224,0.44283182072549365,0.28907949304583985,0.3588231705953909,0.35846225881287547,0.374536366613825,0.4440324815917654,0.4239614830328677,0.3491006120612512,0.4559420803353648,0.41347236248736324,0.37722458346900245,0.46814555321787665
LLY,0.23842329114484506,0.4982864485957505,0.3585627760815712,0.3064564966642984,0.29771127514524687,0.35831753250341475,0.47991228862989715,0.23829773161636814,0.35913943086351857,0.32722234147265444,0.31571172778591505,0.41269906426996067,0.3723673775509812,0.22092105363795508,0.4122682282587527,0.4419113249044146,0.3406541433055964,0.29537357225156946,0.2597466379499451,0.33631117404265515,0.33258828988096517,0.3283883666217743,0.3017955503015015,0.32381999805424855,0.32371850347249415,0.3421476507269906,0.37485741730611,0.3359257511869848,0.3475334437019251,0.3007855337859754,0.3568287007523768,0.26078822711760863,0.2935669615405069,0.3121750414939456,0.38690510271403156,0.32143155265313517,0.3749360673406274,0.3219734516559386,0.3205196720522111,0.3457124875450607,0.26300481063389547,0.3230605710595731,0.41632078839292086,0.3195040635394306,0.3245112328616239,0.5055072984789605,0.3705604642976009,0.3560757320008543,0.35224459427067095,1.0,0.36620343444637027,0.2814627763156449,0.34313924870755275,0.2866874912498466,0.41533534303069075,0.3712443057132514,0.41598572106296855,0.32682420228087566,0.4999556760293065,0.35951050267679846,0.3441298236495523,0.31906584183932624,0.12959067369872462,0.28024711831438426,0.22141761852463934,0.33593155676807873,0.3143249494300159,0.35724948090147984,0.5465159329683167,0.3609243950351261,0.3208233205526185,0.30034756589586803,0.2711679262099584,0.2920866406551463,0.2782556261593404,0.3215420814100308,0.3484301284496089,0.24367349333143828,0.3315972543887253,0.3680257741371161,0.32198484542730305,0.36043545668001287,0.3807804986437663,0.33227579277436753,0.3525856537182786,0.36311345594098693,0.2943037819102743,0.38277278585312197
LMT,0.34149229556810845,0.4290148779445117,0.4412130905874196,0.3901726928127985,0.3941529895921892,0.43036935314073366,0.3967754291800978,0.31327346614629403,0.45089482520776397,0.5720186032824208,0.38475878115996265,0.29712446363398765,0.4445103485183134,0.29366113635455265,0.4583238531923345,0.3334412269099094,0.4117039171011762,0.44169546941475746,0.27989705629831785,0.3605450012467115,0.41304275485270164,0.4147054668228319,0.3253621298653866,0.36502577542808323,0.38656970121650897,0.370204344965454,0.38401075974519655,0.3850063471122153,0.4351769429316005,0.2751614264018046,0.46947105701719727,0.2202878469732562,0.3786693658138211,0.4495237543537623,0.682232562858746,0.3811598778526235,0.3150360588853859,0.37312277968792434,0.3749086018945304,0.41508077128349935,0.3147537317326674,0.4200975281700752,0.5793149305493904,0.42954867009755865,0.38072479344976917,0.4379542376677928,0.4423588507233053,0.32712080830358825,0.3844618843114227,0.36620343444637027,1.0,0.36163445453827964,0.4224805632756816,0.3676445154821809,0.4283565425854287,0.4343307472545596,0.5218886902345183,0.3160938275696634,0.4015311534932588,0.4180998827789861,0.4192787720946037,0.3101194384793324,0.1491911077442697,0.3617495649530982,0.33958593175607515,0.4001365586202903,0.3470008893582328,0.3700104889108636,0.4253166790778877,0.35201921265280545,0.3012994961405337,0.3171106454783254,0.3543802800399691,0.3412987292522268,0.24350147239084796,0.3625548680628775,0.3364048027178542,0.2867099520534224,0.40224519247037127,0.403180257881672,0.45184682083200933,0.4507755162239247,0.451619370869873,0.40258814416138594,0.3108628208069991,0.44547738843331963,0.32510148326388216,0.41445930175439016
LOW,0.30312193984740005,0.3778093737905173,0.4114599019763885,0.38013020945382814,0.37195686143368817,0.431823986946369,0.3405614863159062,0.34475031018384344,0.44527963153569916,0.40650299843904336,0.434715464795386,0.2771238612331564,0.4544009665224584,0.30010826040813576,0.4939319011939514,0.2799772098900529,0.4420147525708721,0.4236066793187237,0.2881582820449263,0.33810381687607366,0.41604984790730654,0.4432655006379818,0.33001100812997464,0.41342157880483676,0.37983026469994896,0.38299606859723523,0.3829704561288748,0.36824225247413506,0.43196829722773067,0.2116960095886268,0.4456350080685856,0.22244433498808264,0.4398944055230306,0.45692131074892794,0.43354754200314616,0.371625863830395,0.27894342819935003,0.36619139858754646,0.3641495446763709,0.42059686179981526,0.3312848546213702,0.738048101571503,0.5047725202558937,0.36923211085645896,0.3655335171608451,0.3530342543706591,0.46369780853745046,0.30627022389071035,0.3411728385382046,0.2814627763156449,0.36163445453827964,1.0,0.39798943906756223,0.34636862487233494,0.3862697347961189,0.44827543789386814,0.45456495341017444,0.31752845697436505,0.33427288227550944,0.4371500513930755,0.3862077535392616,0.27981136228877285,0.20938338445254975,0.41942505887484893,0.2972973486836747,0.3782321419751186,0.34683519137635715,0.325072229127392,0.3514217421903818,0.3347395457212634,0.3088659434148271,0.3103931081157808,0.4228216536295904,0.3582793138352137,0.20651166313060362,0.41573174431241244,0.33556364317787996,0.42695430071947416,0.41514594670541555,0.3799362403163067,0.45360589855582084,0.4495229895918319,0.4704865793576416,0.38302604763206416,0.29915734622788626,0.46914181381065656,0.34621861836710605,0.40425985518450086
MA,0.4418815335565096,0.45261370689155084,0.5359017394677019,0.49793818329149653,0.43477337547648454,0.45426406278576426,0.4029558897763365,0.4828018172982991,0.5530951525420581,0.4975002100968431,0.4661405683537351,0.35010235116655386,0.4994450370404257,0.4569900019929354,0.5605257253573948,0.34096327153706557,0.5067430257235452,0.47775406494627753,0.3160930486385912,0.3705209943889281,0.4090851623494048,0.5055951529055186,0.392773149034541,0.3855536938709922,0.446840609522753,0.3774549905209366,0.4483091651579168,0.42795179062198907,0.4770557730250559,0.22672848538950618,0.48824463943085167,0.25299785794621804,0.4314058722837502,0.479140345457914,0.4780135184659946,0.4058069916859709,0.34469878203064397,0.5073327183043398,0.5088714313811308,0.47562417209490426,0.4032669072630443,0.4785558421168099,0.5590475519699881,0.43716093444684273,0.4280497178738738,0.4283108840011927,0.494872722847702,0.2857343239688373,0.3734883891256275,0.34313924870755275,0.4224805632756816,0.39798943906756223,1.0,0.39537445323494114,0.45874793757746746,0.49856760447141196,0.538461507358997,0.3124439800578395,0.3834824141675654,0.4900107933868705,0.48634236355599786,0.3057603618972651,0.28415733683938416,0.45952947721134885,0.44944098154942247,0.4866476440226368,0.4414041662899936,0.3586926630419642,0.4295823283646612,0.3224766281208431,0.3235662148707288,0.4148007684143612,0.4408693245357016,0.43671742673756453,0.20261011899004439,0.4238943648197178,0.3451613476344945,0.2951595592845005,0.49057445404921485,0.4082287103749466,0.46872458945875883,0.4651706313169053,0.5069419105937174,0.8002782954322932,0.3006668708543226,0.4986370370932474,0.2821828955571345,0.4522352258384266
MCD,0.3103086259590774,0.3729287916664376,0.3952077794378119,0.3245753586834326,0.30830730075046225,0.3837022398727926,0.3390861568216274,0.3102593972069649,0.3599574707704756,0.37734805143250394,0.31502368847257506,0.2724098486755976,0.360087588499912,0.29967589082045665,0.40935428927262596,0.2707509966487829,0.3546144562111437,0.3592729245188156,0.2666420242992238,0.4075084920836347,0.3296855055867927,0.3320544359808971,0.30409081926743964,0.3768585260853636,0.3380287534961061,0.3416389396724757,0.38451518009213376,0.34339128861713664,0.3731579854053969,0.3128372417589019,0.36810860559352554,0.2862757870330458,0.3307360197899287,0.38004236054534346,0.40726261697850547,0.3478380677845452,0.27285430569231,0.33719800066427424,0.3367916377486828,0.32499055675522875,0.2814821225152706,0.4183176414868136,0.4307285655519278,0.3646620741066631,0.32421097829745443,0.43623766913778106,0.3562673135750946,0.3756755136223202,0.45443283570939574,0.2866874912498466,0.3676445154821809,0.34636862487233494,0.39537445323494114,1.0,0.36335146436967763,0.38474395007907786,0.4309042421897016,0.3893833974254375,0.36949474025173024,0.3243078764137109,0.39038965843752343,0.34242071814545966,0.14919142422422876,0.37879244186542255,0.24664812766472774,0.3703009053454361,0.35816570883466076,0.41477003665053724,0.36901378262528606,0.3940824343419855,0.35435308722801345,0.29223206706416754,0.4645321505471106,0.3262080551061965,0.2877633368063045,0.3842615774297118,0.3341640318941923,0.28083391266516633,0.367371061088938,0.3422122542794706,0.38673509260034367,0.4027421390590392,0.39298186885555264,0.3633276754572837,0.34943018518777613,0.3754125753668452,0.33340043473264425,0.397428506007779
MDT,0.33750458094779273,0.564942324802955,0.4941001778074634,0.41002889082592453,0.4138967896250285,0.46160773636087604,0.4729756118041187,0.35691052330720774,0.47169623621659285,0.4707206589389483,0.4413622394215186,0.37570177507407265,0.47237829324490455,0.36778196759005305,0.5141792484517114,0.38187725095411523,0.4654904896245796,0.44252191739550495,0.2850233014020884,0.385642549107049,0.4288646912324072,0.43661976426285964,0.36051876196443083,0.38361839080357046,0.40299458114807246,0.4212822527823512,0.4434141268462099,0.44220233925434144,0.46313493140146894,0.30664415526816435,0.47446602976706465,0.29054589512235846,0.3957405137589346,0.4625498268506026,0.49576040367519564,0.43277758337852995,0.3926383611130619,0.41330824238668945,0.41283779845202695,0.439652298569239,0.3572869005699995,0.46890128906435596,0.5510695981140238,0.4203929577043337,0.43776165089316327,0.5182271208556551,0.4752808494505414,0.3630074537544393,0.419481426768919,0.41533534303069075,0.4283565425854287,0.3862697347961189,0.45874793757746746,0.36335146436967763,1.0,0.48837649547142076,0.5311619338170347,0.3698060629503373,0.4620166760723265,0.46223027894071406,0.42381925681838356,0.34908610803591233,0.2205653855677493,0.3916894883730992,0.34779742909406147,0.45167007751964966,0.4117589368911772,0.4111840955895363,0.5001445882797795,0.37970315600118787,0.3737355437297042,0.38978856403898565,0.399487491997741,0.40241760302167645,0.27182280879573506,0.4126435884435452,0.36249023640995287,0.2846899635623539,0.4445406756822257,0.47985138650803694,0.45285075205169384,0.46828502581156495,0.5060835787762192,0.42423310337319525,0.3389604267053047,0.4891527675181879,0.3350321318200678,0.4660411333690537
MET,0.36649977583012283,0.44340334931556796,0.5351413081717262,0.4539781765338541,0.6231139015435759,0.6228682710941349,0.4231499599065006,0.36679183432997065,0.6177483279227144,0.5319129488722403,0.7199090956766189,0.3418044807361892,0.7259865932881663,0.418691374677678,0.6767547300186239,0.31080229909342627,0.742397250499848,0.5983439064512255,0.3312126941925949,0.32563360697421284,0.490158944217668,0.6487969484393371,0.5034478482577501,0.3773970482839625,0.4531944727152589,0.42511327075339905,0.5500683423931061,0.4337418857260364,0.5622061190543379,0.17019771059840594,0.6027667039574781,0.2402241464493061,0.5748410797999524,0.5873857771695938,0.5631712636685954,0.5130937576692974,0.370036536366342,0.4214854338611489,0.4192797008429854,0.683972934254869,0.49994486744593364,0.4956501801521234,0.6446138972600918,0.47319917933424716,0.44947937355092504,0.449093579926766,0.7484889990757713,0.29181467053748356,0.3787527151287755,0.3712443057132514,0.4343307472545596,0.44827543789386814,0.49856760447141196,0.38474395007907786,0.48837649547142076,1.0,0.5834556628371633,0.28219359533317245,0.4293249239779224,0.7302355713633615,0.45368790236284595,0.2537377247979508,0.22088756167854987,0.42730522953569805,0.3844490092645169,0.5087471748152327,0.5419637760845555,0.3400277813171908,0.47217457255693884,0.337817721350228,0.3232859095316953,0.43163885477370895,0.44528047871549814,0.5551323611240733,0.14646744719879468,0.4254804316821348,0.41507413563737,0.34756985357874765,0.5124313488576816,0.434740624686993,0.5666083893390772,0.5590352080998695,0.731700138061681,0.4769287992793417,0.35537812803559854,0.7231277437073649,0.2805838753385098,0.5435238055698086
MMM,0.41276196307963187,0.5090778166571449,0.5651337516287026,0.4759108007890856,0.4756614747443836,0.5836552750762876,0.44354686589643183,0.3933739290572929,0.5564763310192098,0.5851484678232728,0.5206830164974205,0.33304920908365715,0.5754018185888654,0.41789923558138786,0.6266128139535205,0.36347061431838923,0.5529127891451915,0.6347426016850752,0.3534814480321407,0.45350537612566755,0.5025446365660805,0.5157761759598325,0.46020524487754905,0.4398948997003162,0.5074588528732171,0.44001645070029816,0.5599502438811969,0.5354940466944809,0.5655802726738262,0.33821494255668005,0.6645678360634358,0.34408470467910174,0.4906720294126336,0.5890351142494101,0.6225073774719437,0.5433674017954564,0.39094174663480225,0.47623872865939076,0.4783809847771663,0.547419719085183,0.4819434609040247,0.529761756463967,0.7208052159762625,0.5074820523375815,0.5236261557643378,0.5702114146803748,0.590291219657043,0.4098376902104952,0.49044536602281813,0.41598572106296855,0.5218886902345183,0.45456495341017444,0.538461507358997,0.4309042421897016,0.5311619338170347,0.5834556628371633,1.0,0.41434342246334793,0.47578759281600197,0.560750834775297,0.5122327912383192,0.3943112563518713,0.2433597314487206,0.4522722067921835,0.4100070269022822,0.5408309399353696,0.5220839602697677,0.4600579196258417,0.5172799565357344,0.4487116232603748,0.41501346073275813,0.4639211933251471,0.4418722742597825,0.5363538307920107,0.3037065389595979,0.4778834588948852,0.4373623457641941,0.34732378183077334,0.566739245294045,0.45133998379058926,0.5935118307574413,0.6002297755538801,0.6040844981984086,0.49525205970439184,0.4237946992880814,0.5791148636886024,0.35669838228608075,0.5841921297335348
MO,0.2619110100521742,0.3587747628356568,0.35302170541910805,0.2566438178864592,0.27211934980598346,0.36614201568164945,0.3001274322552611,0.22855909746197337,0.29849938647719587,0.361249240736377,0.24405689294535432,0.21835208196739594,0.29386442765493176,0.22487991656540893,0.35520883507747913,0.2520120074070563,0.27306727878293324,0.28198692721728347,0.19806007841996465,0.48988163078223,0.33577395960891016,0.2756278753413526,0.248717991771474,0.3779251175145186,0.2927541892802942,0.36152824715184484,0.3345112932619639,0.3071030348310608,0.3644319005190046,0.405655194369194,0.3207030303335101,0.3269876539453904,0.2923961629952629,0.3319238647454016,0.3390999162824422,0.36727278845671535,0.2212101990427143,0.27088269190335673,0.2721958969435407,0.26368441793023517,0.2216533047156216,0.36426868467997525,0.414370446516031,0.3249672530254607,0.28579523710592963,0.43199711317831685,0.2977637614608189,0.48139948153292966,0.5208013095762919,0.32682420228087566,0.3160938275696634,0.31752845697436505,0.3124439800578395,0.3893833974254375,0.3698060629503373,0.28219359533317245,0.41434342246334793,1.0,0.347165666529706,0.2638524077999567,0.3137486035394768,0.41756681313596977,0.12567410886608404,0.2750773738858347,0.19548850932618153,0.3149316281989166,0.26509319977571705,0.5110453156441567,0.3593446339849383,0.48874359422694696,0.6456820445529121,0.24570398842654748,0.34708401280167905,0.2804264536952896,0.40290431585085623,0.4113127049904649,0.4322720276451539,0.26702474661918235,0.3019998226694505,0.31957875336400937,0.33222822375531486,0.35946286193064525,0.34181117630956454,0.278370833523545,0.4369508231210802,0.3246935384569763,0.35563849604730496,0.36158578340821823
MRK,0.2664309380972396,0.5150430647126982,0.40628100174209625,0.327620959193921,0.35682335483976274,0.4160909624333001,0.5020593471775929,0.25319154067656247,0.4196267366840883,0.38957626078937985,0.38226337263511423,0.3588192402679035,0.43459510238329757,0.30428212342849875,0.46270786752734744,0.3458262247687913,0.4113978827501646,0.3838435491358285,0.2752135074775655,0.36664564413079076,0.4077450197631138,0.3950108937683659,0.3595687192188136,0.36322303699764624,0.36305201511667234,0.41253962252293325,0.43064999276027777,0.36580944374773255,0.41988359451337964,0.3064397519551684,0.4097692211237001,0.3130954898852136,0.3263727335403498,0.3994957460111804,0.4480935426358455,0.37719363618200624,0.40462170152454835,0.3247045809632092,0.325496817926266,0.4083030368700451,0.32211677265774546,0.37958898264556773,0.4737932470239096,0.38841746363482654,0.370200001057434,0.5384426744639645,0.44069758878944904,0.379329738811727,0.41095131702430815,0.4999556760293065,0.4015311534932588,0.33427288227550944,0.3834824141675654,0.36949474025173024,0.4620166760723265,0.4293249239779224,0.47578759281600197,0.347165666529706,1.0,0.4044739787429313,0.3562876310943453,0.3338703272829258,0.1676257989829172,0.32516863300311183,0.23565171748178912,0.39289311491640055,0.38689361669547745,0.4118748791568817,0.6001535029161287,0.4082005668326136,0.3664294337932473,0.3270006688524751,0.33066903067224385,0.3627818505908518,0.2877197106942597,0.38924260451521864,0.4040539880648833,0.27631763553345035,0.366410043357973,0.39340879739393614,0.3952773609585771,0.40827985534922906,0.4600015854297171,0.3693625749483284,0.4048730039376251,0.4260062303061484,0.3353247800248256,0.45642917111019016
MS,0.34236131450692386,0.4443228355607637,0.5142853826659441,0.4502567764632364,0.5721399633207656,0.5848263522809501,0.3873621245863358,0.34970555284745014,0.6022547447492763,0.5064025333901988,0.7953175379423792,0.3269788828810088,0.742257724120193,0.3838878553352732,0.6792149105462725,0.3060630808907657,0.8081145706910532,0.5588369179983904,0.3360974268438816,0.30771916901274093,0.4789812845051964,0.6378425816251753,0.4635240525233362,0.35024494929329875,0.46111468800946326,0.39293551132086507,0.5120194107963355,0.4129256546676338,0.54144518499433,0.1927276988799803,0.5657858998394191,0.2500330654929463,0.5535283203089392,0.55896592006867,0.5436672653368081,0.5230918746888316,0.3388393023728557,0.42150184150166237,0.4202833388918837,0.825018194239875,0.4789046210196519,0.45128782303401727,0.6024823374409188,0.4276324120607573,0.42411873506999104,0.4139806334718397,0.8181922124544063,0.2668388706466294,0.35159607166843965,0.35951050267679846,0.4180998827789861,0.4371500513930755,0.4900107933868705,0.3243078764137109,0.46223027894071406,0.7302355713633615,0.560750834775297,0.2638524077999567,0.4044739787429313,1.0,0.4405634485434299,0.2617189933489053,0.20238975755373015,0.38027879571552026,0.4007237440703662,0.49043342043906496,0.5254918336538552,0.3201557202287205,0.4457884481904602,0.31591452914227564,0.3055213189902131,0.39069990745903316,0.39735978553197093,0.5282976973891409,0.1660556707625498,0.4274280657379028,0.38519943432834314,0.30964709100308385,0.49972160198987675,0.4208086277218682,0.5385097109568252,0.5031217805954541,0.7135759347056131,0.4554840641915384,0.33353536716232407,0.7254003609523512,0.2764038109082149,0.5203522400737401
MSFT,0.4422921431949014,0.4398222833952384,0.5193002701776573,0.5392790928670053,0.37644362981360874,0.42609348185922175,0.3847359346911906,0.4717965278264982,0.4626321223288788,0.44412198365006333,0.4273796819080855,0.3027407574155009,0.4620579421224361,0.38112087413139095,0.502562384866797,0.28196478434186306,0.4576813417537199,0.4779657062746405,0.29428388771842334,0.33884714257177717,0.42337325614886867,0.4282914141055747,0.38408774231595166,0.3949716491462334,0.5110441447434774,0.35126974089699936,0.4424521869787136,0.3906825168638522,0.45295204748165147,0.2516541912702488,0.48159542351642903,0.2589534853305247,0.41642094851284356,0.45248988812757235,0.4960995386629169,0.3873159648605132,0.32292821264648325,0.5367521181949425,0.5313726208603387,0.46154592328193167,0.36862191930725835,0.4454514872919522,0.5399505455198342,0.48656518971344864,0.5706840926056552,0.41491589660817296,0.4756968528009191,0.30979106229010794,0.38446077330630524,0.3441298236495523,0.4192787720946037,0.3862077535392616,0.48634236355599786,0.39038965843752343,0.42381925681838356,0.45368790236284595,0.5122327912383192,0.3137486035394768,0.3562876310943453,0.4405634485434299,1.0,0.315250756733504,0.2579898849382162,0.3956667535907589,0.4482613551584158,0.5137814912185855,0.40268892551792007,0.3785341624461159,0.39905531305954384,0.3591764575655873,0.3286817242516649,0.4269349325672546,0.4235645528271402,0.3729090442567768,0.23155402125639274,0.36007065224012175,0.3528142658448215,0.2790720789869495,0.5388041378614962,0.3970417022234277,0.43129866332076106,0.46764183288209743,0.4695769700624696,0.4661284228417066,0.3400058885225097,0.46194078427746144,0.30177739488409877,0.4491882356931178
NEE,0.21113912904718393,0.3174526642870297,0.3265724414695887,0.29184367886667983,0.27469151120922997,0.3665580451526809,0.28865574363723917,0.2107713404309953,0.3200174042935767,0.31737348845124086,0.23617827917226938,0.178568656135754,0.2785853812716812,0.18739180921387777,0.3365470245472261,0.25380661904446905,0.2654538233984146,0.25904526423174246,0.21689513388991793,0.4259265612741621,0.3238571938954149,0.2534967799820605,0.23492072325113952,0.32378623424386727,0.2720233318743651,0.3108060985877106,0.3358431861186006,0.3017239607170728,0.34199363328790067,0.74863330446597,0.337846134082311,0.6266586418273866,0.24850812614903758,0.33379106989682406,0.348735358158511,0.3010853867159287,0.18430486098260507,0.2560357924333835,0.2606494942138636,0.21352787073629764,0.2459872040253432,0.34306788944848204,0.4092509338597993,0.2949537717772751,0.2845201110983169,0.39548936409105895,0.28944895300548545,0.42466874496508156,0.48397204056693044,0.31906584183932624,0.3101194384793324,0.27981136228877285,0.3057603618972651,0.34242071814545966,0.34908610803591233,0.2537377247979508,0.3943112563518713,0.41756681313596977,0.3338703272829258,0.2617189933489053,0.315250756733504,1.0,0.09189850579068697,0.26991824173952494,0.18034011274157105,0.31249961591680675,0.3109020549444027,0.476053093756854,0.344778949547323,0.4239322241854653,0.4130113595876305,0.25434737904885923,0.28132891867338544,0.2915531914731983,0.7081552821051795,0.4730020001861026,0.3766016592459671,0.23023173871315067,0.2755654082068004,0.3021006314449199,0.3169556334693142,0.35326187551390376,0.32609970663482607,0.2814847192424193,0.396990336407286,0.31781647186462,0.3045785941241255,0.3754984788592664
NFLX,0.21105311296212328,0.19368559761931298,0.22413067204987783,0.2735759230010053,0.18655512467367436,0.15085068166136056,0.18825519579474811,0.3813156787307922,0.22082721214290738,0.22636179376723223,0.21861904726527445,0.16958945138065903,0.19928770163551623,0.3359170454941234,0.22955748432258435,0.13856178559806293,0.22763026646507345,0.24875069821215906,0.16016432450016213,0.12663859492531773,0.19084286114928403,0.2315560290122031,0.1750023485293175,0.17652565582174254,0.2148946895045019,0.15513477528316066,0.17369183813147013,0.192689937709284,0.22361455233707378,0.04140600884414765,0.20910472978369984,0.07822562117480514,0.1958448902134873,0.23396852199158152,0.2352321427163788,0.17870411731447264,0.19284666946874465,0.30617843699447506,0.30441566873346526,0.22257038759989486,0.2000546738810329,0.21528720103191903,0.23257179881952153,0.18559528729216315,0.22541869064762238,0.15979460125968575,0.19805986629178907,0.07496804980630796,0.11993058276610927,0.12959067369872462,0.1491911077442697,0.20938338445254975,0.28415733683938416,0.14919142422422876,0.2205653855677493,0.22088756167854987,0.2433597314487206,0.12567410886608404,0.1676257989829172,0.20238975755373015,0.2579898849382162,0.09189850579068697,1.0,0.22814361009318304,0.2687136022925808,0.22545118910295933,0.18773819897820343,0.10749772043824812,0.17068188848118904,0.11522585294228742,0.1485175484343419,0.1665430204994212,0.2544537427422131,0.19748448847440833,0.05360241556333741,0.1416264913181928,0.09908878360717417,0.12141423901268604,0.27639482808945914,0.20159107345071808,0.2107472727772748,0.22824928347451115,0.19935043598772545,0.262527025890469,0.07686441659241959,0.19642770086734684,0.11999158039280089,0.1708452270756545
NKE,0.3271369635873632,0.37163541757939333,0.38918639214036393,0.40707031406583133,0.34737520441606773,0.38770139823046945,0.34039718301267047,0.3544598888375617,0.4269123313684345,0.42349752963056597,0.36713069789783365,0.289964011340228,0.4110919781805176,0.3737303926332275,0.4619012276893264,0.25866501850964235,0.403714587885547,0.402765338198661,0.26829409506041163,0.33703893923338263,0.3861341779889796,0.4151630815186316,0.3089820856282267,0.3768239739013144,0.36810097385579105,0.333052213448843,0.3532194090454772,0.36405911203069447,0.44651780714990685,0.2100872575683852,0.43521484630216306,0.2116893389789667,0.4016012924772408,0.4290912686542386,0.41584256546979964,0.3556113013855386,0.2981728389845102,0.37878729909306386,0.3815437310013998,0.36762903665423524,0.31744758724640854,0.47508824304183,0.49255864332353094,0.3533387954944632,0.3683827317564226,0.3640460378114059,0.40288723888985345,0.31023221102676296,0.3596065481156304,0.28024711831438426,0.3617495649530982,0.41942505887484893,0.45952947721134885,0.37879244186542255,0.3916894883730992,0.42730522953569805,0.4522722067921835,0.2750773738858347,0.32516863300311183,0.38027879571552026,0.3956667535907589,0.26991824173952494,0.22814361009318304,1.0,0.3166823052115404,0.37422770243874476,0.33542300149819954,0.3368471687323051,0.3509738793639249,0.3106842753407859,0.27498028912164874,0.3092728552802755,0.45237120665424635,0.3521775019038588,0.2167651795069997,0.389888187426802,0.3102649642890112,0.3683437465679454,0.3897669793874655,0.3529580652100849,0.4230979160290918,0.43270918722035784,0.4334199411645702,0.41292848877456634,0.29064959140322305,0.4213284268079824,0.30149816401821794,0.3658785255293467
NVDA,0.3676824099918316,0.30072590849005126,0.4080360456086169,0.43687702795221245,0.32852073493263617,0.331991523544221,0.2881888459815944,0.36507855388968063,0.3690372614787543,0.3866468294228733,0.3792451518119846,0.2539622192424954,0.40420566218888515,0.35401238061388396,0.4076269791066267,0.19392835313720427,0.393180355669542,0.40874772011843485,0.23423403121234126,0.2290395787297389,0.33525884168843545,0.37077480312090905,0.28639131116772304,0.27269452392301785,0.4096911722517399,0.25322611144097285,0.3205589739241079,0.3356005980395729,0.37374635983656534,0.12321896399205215,0.4122504257075947,0.16234329732715796,0.3733914275659384,0.4077169741924345,0.4018390548069791,0.3231718905082589,0.25905946053842355,0.41321711017048535,0.41371477933693185,0.3821339084805535,0.3347605742365347,0.3394334584010436,0.4424131854145597,0.35111442981401564,0.4728865990953753,0.27158060922283334,0.38572095441717247,0.16977343014622734,0.23612483265314907,0.22141761852463934,0.33958593175607515,0.2972973486836747,0.44944098154942247,0.24664812766472774,0.34779742909406147,0.3844490092645169,0.4100070269022822,0.19548850932618153,0.23565171748178912,0.4007237440703662,0.4482613551584158,0.18034011274157105,0.2687136022925808,0.3166823052115404,1.0,0.39617900817713864,0.3430614550259307,0.21195259155325843,0.28769651146962644,0.20741684543933622,0.20238771068758996,0.40628084518339924,0.32188881460092195,0.34627349077830544,0.10600038426171196,0.2815722170498817,0.24278502797367507,0.20673561542853577,0.5642366047717999,0.2852124115487936,0.3638785624963511,0.36475586824175343,0.37631734994166227,0.41865546982803475,0.1857960025327636,0.3620144089045827,0.18884137340756837,0.32292082936827127
ORCL,0.392526784518267,0.4287704165892383,0.5803779065458099,0.4692874648734875,0.42045860196807905,0.4561330602957078,0.37720035200001173,0.3850592200909976,0.4770173569335397,0.45663938751818545,0.4663709822747315,0.3182617036597041,0.5019164189900599,0.4051774070866712,0.5561173128559104,0.30130289547021977,0.510485399842355,0.5004934661378273,0.2998966792331387,0.3588808334902712,0.43006713569067867,0.45183746252772344,0.3837210194176058,0.3559811605610162,0.49406108595499726,0.35767378470943545,0.4631219886103984,0.4165560073901516,0.47214415021850203,0.2544381426270381,0.5375158448404891,0.2521391331664011,0.42457747524594897,0.4812952110422228,0.49822529359493095,0.4171520084853847,0.3428718073520356,0.4355881316752623,0.4361794049371955,0.4845201600462504,0.4068060988765915,0.44874050028744356,0.563705900816061,0.5208325712512283,0.46202833920683195,0.4185874352820121,0.5085381579732051,0.3063333575020369,0.38545707398050144,0.33593155676807873,0.4001365586202903,0.3782321419751186,0.4866476440226368,0.3703009053454361,0.45167007751964966,0.5087471748152327,0.5408309399353696,0.3149316281989166,0.39289311491640055,0.49043342043906496,0.5137814912185855,0.31249961591680675,0.22545118910295933,0.37422770243874476,0.39617900817713864,1.0,0.4402405289774161,0.36223980458930405,0.4219820921504668,0.3483418708305865,0.3257409279533796,0.4275417435655592,0.421398145902126,0.45765398344636227,0.21942506479259827,0.39914684868078354,0.36231172873071604,0.28670611850594274,0.5126169100134608,0.39273401635892247,0.47355068766206765,0.47396869070282377,0.49853012293153137,0.4481522012663356,0.3271502126822089,0.4800575557450506,0.29062557467244754,0.484202852934972
OXY,0.3335083702308388,0.378174989057077,0.47386001723702026,0.3910089523348453,0.43935440049011626,0.4712668393905042,0.32245116471041263,0.31776647407940917,0.4259433127126989,0.45280463361330325,0.4853136384012308,0.27802986311326655,0.5161128413460818,0.36460846048001105,0.5398119819779061,0.2742162964665034,0.5242914266450994,0.5922760137292861,0.28327216873285743,0.3287114503132772,0.421067700798818,0.4621979397050182,0.6899571524461591,0.32428013734859784,0.39530543754870534,0.3639130764748925,0.7252975557540595,0.4103439001911181,0.48285070379847367,0.25943634901626034,0.5869018096869816,0.3195020674796802,0.45533690133853727,0.4757162878026791,0.4896887018647824,0.46078182527141165,0.2820970332570958,0.3644273951774068,0.36441208994446417,0.47261048567916514,0.6658934360020545,0.38433452254660777,0.5777649381208934,0.41351573722405843,0.39730493986241466,0.38971800086798924,0.533817950443459,0.26482736852252137,0.3743841298148887,0.3143249494300159,0.3470008893582328,0.34683519137635715,0.4414041662899936,0.35816570883466076,0.4117589368911772,0.5419637760845555,0.5220839602697677,0.26509319977571705,0.38689361669547745,0.5254918336538552,0.40268892551792007,0.3109020549444027,0.18773819897820343,0.33542300149819954,0.3430614550259307,0.4402405289774161,1.0,0.31011851142686403,0.42573148542607203,0.32732549286017,0.334140705426433,0.3605999835718672,0.36417525643691623,0.70858928138632,0.22052483140701765,0.42705200411210065,0.3615330163025624,0.28224817277497743,0.4538433734819685,0.37809567763511814,0.515238845026752,0.461033285868222,0.5118863826651017,0.39829448225286107,0.3291307290779218,0.5118993023561201,0.23711199305483058,0.703429021577772
PEP,0.2556429511578548,0.4037936455549644,0.4041501459454031,0.30825935967172546,0.3149207916589633,0.410180332508001,0.36003030273347203,0.2583832809344666,0.3577415766756212,0.3710778343589085,0.28765047769952384,0.25446555539991705,0.36439999833136266,0.25303370154554117,0.41678465896727984,0.3016247655393955,0.3286654731983,0.31171036031906013,0.263314792261545,0.5811859586316447,0.37077422560718376,0.3099603239974268,0.29072343582971455,0.4236664635488514,0.3629064005706608,0.3921787454195969,0.3776051373817761,0.34649764579478026,0.40054487057373916,0.47411308358201726,0.37462939031772274,0.40633055033879323,0.31323385785979163,0.4074980392399681,0.4007649393626244,0.34688654469701236,0.2646528389796436,0.30112427721383156,0.30631231057132235,0.31409163139502966,0.26778149266641466,0.4090481675663276,0.4499776734453795,0.37040343601114595,0.3528815021809158,0.5157908669028504,0.3624915889474658,0.5373548135342359,0.6623996366207883,0.35724948090147984,0.3700104889108636,0.325072229127392,0.3586926630419642,0.41477003665053724,0.4111840955895363,0.3400277813171908,0.4600579196258417,0.5110453156441567,0.4118748791568817,0.3201557202287205,0.3785341624461159,0.476053093756854,0.10749772043824812,0.3368471687323051,0.21195259155325843,0.36223980458930405,0.31011851142686403,1.0,0.4073098520784631,0.5811030588511389,0.4875481427706765,0.27973324127584703,0.3357102035808735,0.30933369123126914,0.4630028959505392,0.4151090440576763,0.41650380666364395,0.27119632669832505,0.33632466573783265,0.31580523384714737,0.34902205008309095,0.4301578518817716,0.3835341026834295,0.3490201936123939,0.4502420227810197,0.37392534282718887,0.3933495522277495,0.41776964338318323
PFE,0.3152678275963066,0.5130422688868157,0.4385435909548032,0.37452440454697977,0.3902189095085386,0.465207107503813,0.5477667118284878,0.3099848414825381,0.4591717317310275,0.42088355581291526,0.43002190927947775,0.40177125843138756,0.47553178426545356,0.327725729996078,0.5046771955486472,0.46460866262845824,0.4587948064046108,0.40984612001752213,0.3167409881662536,0.3615677401786581,0.44689347793166295,0.44810171360810197,0.37494130924487185,0.3913498138245303,0.37918067531288274,0.44538470451720236,0.45370825653389535,0.42051934390260354,0.47134843278972943,0.31500459970456784,0.47298907183542577,0.2764911888834848,0.3682919362940125,0.4454652460960855,0.47504316102119626,0.43559126423308403,0.4281863275937113,0.3745946401995001,0.373985886622211,0.4240667254791939,0.3676492721295224,0.44489228439159845,0.5196915602661908,0.3963719662555412,0.3987584615335795,0.5640659076956867,0.48139879717868855,0.3830024624868268,0.4192097894465052,0.5465159329683167,0.4253166790778877,0.3514217421903818,0.4295823283646612,0.36901378262528606,0.5001445882797795,0.47217457255693884,0.5172799565357344,0.3593446339849383,0.6001535029161287,0.4457884481904602,0.39905531305954384,0.344778949547323,0.17068188848118904,0.3509738793639249,0.28769651146962644,0.4219820921504668,0.42573148542607203,0.4073098520784631,1.0,0.3950099999918719,0.3714715370036067,0.36777464555919853,0.3623772213221872,0.4014160600626855,0.2589196742087465,0.4200999066192963,0.4007498860547682,0.28945910298839406,0.3971756060416166,0.46282629310940415,0.4538969600007575,0.4684217278709366,0.4950330273315857,0.4274137214108252,0.390262753608729,0.4875142385011002,0.3419878514832979,0.4856936097596813
PG,0.26393513368613264,0.38933234115998117,0.3697483170689192,0.26508930273627396,0.2756491758505516,0.41309351300567865,0.37339335194895784,0.19596092271399093,0.3558609685722667,0.36084976895844983,0.28046128526511277,0.23335932177133006,0.3514585110453211,0.20938986403914953,0.3916282434620687,0.30912170932459754,0.3255190081741124,0.3220492564415119,0.25096620495606337,0.6552059658629147,0.36477941346782516,0.31352665983258016,0.30654002857742935,0.3890084800605727,0.3303619971463873,0.3571443174034469,0.4048660128092779,0.3143118463186898,0.40302908686645245,0.4351066082515766,0.3835780003371316,0.3801381264852148,0.2965935628219822,0.3669032389776775,0.35869090839904033,0.35370492576706464,0.2653434561621817,0.30046614046761155,0.3005080125916594,0.30963896257382645,0.25113694078388843,0.3836153144260789,0.42005122078720547,0.365564930176481,0.32825996002158875,0.49795895826198994,0.3559203127638067,0.6178720809349101,0.5694015270004034,0.3609243950351261,0.35201921265280545,0.3347395457212634,0.3224766281208431,0.3940824343419855,0.37970315600118787,0.337817721350228,0.4487116232603748,0.48874359422694696,0.4082005668326136,0.31591452914227564,0.3591764575655873,0.4239322241854653,0.11522585294228742,0.3106842753407859,0.20741684543933622,0.3483418708305865,0.32732549286017,0.5811030588511389,0.3950099999918719,1.0,0.47802475784273935,0.2673637864729831,0.33878451402690396,0.3081932857147493,0.41945055267313464,0.40456874043645635,0.42833572824554894,0.27138882225217137,0.3500230312417009,0.305346295713893,0.3558508740806531,0.39750466884747354,0.3826868147778002,0.32649152471434534,0.4323691603102647,0.3570566737186074,0.39544557028645094,0.44184172365644103
PM,0.28957378028216574,0.3596687434348672,0.38187746983965737,0.2675341467335958,0.30321364526878575,0.3637539150283911,0.3228177928306002,0.23290616783504484,0.32343264814736855,0.3525916654495395,0.2673636093239974,0.255384409357813,0.3370828780882544,0.2788611527326011,0.38080185176221604,0.26250204226414264,0.3317671990235052,0.32029499451960897,0.2359855027104119,0.489856128500866,0.35792552825369744,0.30341827299225715,0.29596529675672406,0.3460014674387151,0.30879530784891895,0.3434805391013253,0.40355529101700505,0.322736891145643,0.3842456763823411,0.3791947332916252,0.358859150882917,0.34340207116400445,0.3150309969119455,0.3510213649077731,0.3583009497916677,0.3384439254737574,0.24212318844531525,0.29586439972713163,0.29865544190545035,0.30122501261962037,0.2767506288239541,0.3612120848755073,0.42743223281832565,0.3590484211882026,0.3144985668804775,0.407558158275884,0.32619986966660985,0.4441286538947353,0.5194708772709739,0.3208233205526185,0.3012994961405337,0.3088659434148271,0.3235662148707288,0.35435308722801345,0.3737355437297042,0.3232859095316953,0.41501346073275813,0.6456820445529121,0.3664294337932473,0.3055213189902131,0.3286817242516649,0.4130113595876305,0.1485175484343419,0.27498028912164874,0.20238771068758996,0.3257409279533796,0.334140705426433,0.4875481427706765,0.3714715370036067,0.47802475784273935,1.0,0.2834384490637089,0.3064453265577305,0.3349092856504065,0.369806834780688,0.40820410534458973,0.39444452509651323,0.2410885245136514,0.3185054463378415,0.34256809605421845,0.3529707045314358,0.3794490032769918,0.3579695336006479,0.3060586342143529,0.3876095787703279,0.32672465488096153,0.3047424426703507,0.41193142406133104
QCOM,0.391541447756033,0.3782127014383037,0.4222825422888052,0.3859347468789133,0.33197131343043296,0.3760654091082401,0.3480221311316758,0.3201366617941501,0.4100213696484997,0.40197855520876846,0.3799870045590678,0.28888531737421214,0.4116262807819822,0.33990148492061345,0.47270492086561744,0.26852059288313,0.4033648373292614,0.4466265383177962,0.2603485725945666,0.2525041953367864,0.3781047148332262,0.3948294952491965,0.35368262984598575,0.3160581725827947,0.3981410229976794,0.28825397843585804,0.39432834810085576,0.3432700020309102,0.4151582744312517,0.20918257932064413,0.4607618910635831,0.23589175591687792,0.38018702794434306,0.4046992348314808,0.40728525941058513,0.3719875397575177,0.2747670272561915,0.3823414185254089,0.38085471582025465,0.37873812453072225,0.3741518867432258,0.35371903732441823,0.48872181353675015,0.384746240554424,0.44080889399992307,0.351373274152151,0.4063021208554469,0.26064246000120966,0.30857054371418347,0.30034756589586803,0.3171106454783254,0.3103931081157808,0.4148007684143612,0.29223206706416754,0.38978856403898565,0.43163885477370895,0.4639211933251471,0.24570398842654748,0.3270006688524751,0.39069990745903316,0.4269349325672546,0.25434737904885923,0.1665430204994212,0.3092728552802755,0.40628084518339924,0.4275417435655592,0.3605999835718672,0.27973324127584703,0.36777464555919853,0.2673637864729831,0.2834384490637089,1.0,0.3197291440327412,0.3851845140419144,0.18057496865938827,0.3102756983595238,0.3121530276071492,0.2232744824012471,0.5075282283226198,0.3186404421612827,0.4195375490477389,0.38947842634774016,0.42438514483933903,0.3784497129255381,0.2860246828309134,0.40542278179177493,0.23793878878420466,0.40599562365574676
SBUX,0.35827876527381725,0.35575748134277735,0.4435733971400255,0.4149414181413762,0.3881261684055329,0.4111239843508848,0.33939014367347264,0.4116800625361738,0.4377365161001346,0.4151429323595534,0.392146197645205,0.29058993744421485,0.4018138989062594,0.40096358628535383,0.4630193912051346,0.2603417335537325,0.4127389666112561,0.3952374619315221,0.30593634896071686,0.37734742478557803,0.39553879906983724,0.41655268870294976,0.30754061350859363,0.3970297828971379,0.38030178678312826,0.370170548023549,0.37123894652669914,0.381227932371408,0.4614869962464496,0.2355550126188396,0.42816821322247917,0.22205101737917937,0.43095364922105145,0.43310455486430416,0.41978583295809146,0.38064538106763846,0.2991449754462723,0.423345001277396,0.42163494531706985,0.3764072086056602,0.3463152869629045,0.4814868791895993,0.5051260802679791,0.3722275966691558,0.3528607426753921,0.38329278615430734,0.41226348111171407,0.30776854304074924,0.3619036206554713,0.2711679262099584,0.3543802800399691,0.4228216536295904,0.4408693245357016,0.4645321505471106,0.399487491997741,0.44528047871549814,0.4418722742597825,0.34708401280167905,0.33066903067224385,0.39735978553197093,0.4235645528271402,0.28132891867338544,0.2544537427422131,0.45237120665424635,0.32188881460092195,0.421398145902126,0.36417525643691623,0.3357102035808735,0.3623772213221872,0.33878451402690396,0.3064453265577305,0.3197291440327412,1.0,0.37104117927203656,0.23124314708509158,0.42187795387247595,0.3171042233459249,0.3191809717811845,0.411784936145498,0.36219413409048373,0.4161153696142689,0.4042465021769665,0.4491153478497437,0.42256143131020407,0.3078592317813137,0.4433970050508484,0.3068610078024756,0.36787353698441605
SLB,0.35686660487446187,0.35165009136282627,0.4636118669439024,0.3550944147644619,0.4628639717473748,0.4750587031789466,0.3304030292502517,0.3205448940606529,0.45109466096330164,0.459115036844723,0.4970913880564008,0.28567108474160846,0.5203846218236782,0.37766283120481614,0.5399331542433651,0.25094652104127313,0.5284798648244844,0.6058793747253826,0.27474734399826223,0.31766805643908175,0.4178955281766269,0.47591874697870534,0.6701181742023078,0.3189849312267208,0.4032636429924304,0.3521576927041202,0.6983360379220936,0.3998068820023474,0.4803296812694862,0.23062539492684447,0.6160735018149378,0.2940081631415298,0.4745979976936282,0.484125596815262,0.46910308253096067,0.4885943904672012,0.3037023464628328,0.3768955822356511,0.37437950761277417,0.49859776566831937,0.7906342393663846,0.38812016006283195,0.5814337248192196,0.41221319977351506,0.39656128633528137,0.3887303278237767,0.5393885381727411,0.2549390555877836,0.3616611835308258,0.2920866406551463,0.3412987292522268,0.3582793138352137,0.43671742673756453,0.3262080551061965,0.40241760302167645,0.5551323611240733,0.5363538307920107,0.2804264536952896,0.3627818505908518,0.5282976973891409,0.3729090442567768,0.2915531914731983,0.19748448847440833,0.3521775019038588,0.34627349077830544,0.45765398344636227,0.70858928138632,0.30933369123126914,0.4014160600626855,0.3081932857147493,0.3349092856504065,0.3851845140419144,0.37104117927203656,1.0,0.19313880384608897,0.4090508196055939,0.3740374194533479,0.2756809540702455,0.4687049145894611,0.3656178836441858,0.5303286380179307,0.46573483204995236,0.5248815225064816,0.39253329878308935,0.3194868744145854,0.5182754300662747,0.23259752763830285,0.672540282260103
SO,0.13835345248319386,0.25202967804384524,0.2413921433805011,0.19901015780970957,0.19845105884836992,0.29946850972884653,0.22646755456485726,0.13812154746338015,0.22457183221638055,0.22089126255483768,0.11704674155898909,0.11689399605208602,0.17307281385789985,0.12758527974924033,0.2332982801992968,0.18696605240761288,0.16822987039851314,0.19125269498392924,0.14284357942891202,0.4277641964685288,0.21922919124014922,0.1593439716703931,0.17049200449821808,0.29382780379759643,0.20008067546466,0.23809483315020916,0.25288159221258255,0.23991325468698893,0.22166625447290353,0.8021706481059531,0.23682663342131177,0.599641439687456,0.18557422239641735,0.2401340536094973,0.2515265865828952,0.22242280375023044,0.11703631259409447,0.1670399215847101,0.17171925640375565,0.1278634037656306,0.15025042150876577,0.2547783372097001,0.29437542348637846,0.24518710535876656,0.22177109273438977,0.34567076980862593,0.18170884438488843,0.43106716020419295,0.4495285888351946,0.2782556261593404,0.24350147239084796,0.20651166313060362,0.20261011899004439,0.2877633368063045,0.27182280879573506,0.14646744719879468,0.3037065389595979,0.40290431585085623,0.2877197106942597,0.1660556707625498,0.23155402125639274,0.7081552821051795,0.05360241556333741,0.2167651795069997,0.10600038426171196,0.21942506479259827,0.22052483140701765,0.4630028959505392,0.2589196742087465,0.41945055267313464,0.369806834780688,0.18057496865938827,0.23124314708509158,0.19313880384608897,1.0,0.42418279637882167,0.344431570635424,0.17577858603332208,0.2017649702036365,0.22483203611596547,0.22084827549249256,0.2809065632192574,0.23646600312292995,0.19558406073102413,0.3804228521033871,0.21365774497451792,0.2997063582808247,0.3010406149114233
SPG,0.30459951618245984,0.3607481954386474,0.41602382455919024,0.3655216310658611,0.4057968224864421,0.4807244025439298,0.3289652924860178,0.2975858768216483,0.4548975490167574,0.43047893661987485,0.43140854098470477,0.2474820820274969,0.4371116850613286,0.309949715142194,0.5031305755915234,0.27421208024351545,0.4549053830210862,0.4208938729423096,0.2601464738787196,0.420418963379762,0.43553181850872263,0.4370677152739574,0.3409950326857542,0.41243001588450884,0.3770312451739379,0.392078098089178,0.4399584305432463,0.3911525795033073,0.48354887294363846,0.45934129589608175,0.448443915529559,0.38611049160524796,0.44603840534009215,0.4460407853250086,0.4159831031422212,0.4120497012993842,0.28209331990449604,0.325434565830729,0.32860888781977154,0.40817365632601904,0.36200036469240493,0.4706522387055766,0.5090775914213684,0.37744326942079054,0.3744859124997603,0.40376389141726177,0.4553487876200205,0.4111629057394642,0.4365930624972224,0.3215420814100308,0.3625548680628775,0.41573174431241244,0.4238943648197178,0.3842615774297118,0.4126435884435452,0.4254804316821348,0.4778834588948852,0.4113127049904649,0.38924260451521864,0.4274280657379028,0.36007065224012175,0.4730020001861026,0.1416264913181928,0.389888187426802,0.2815722170498817,0.39914684868078354,0.42705200411210065,0.4151090440576763,0.4200999066192963,0.40456874043645635,0.40820410534458973,0.3102756983595238,0.42187795387247595,0.4090508196055939,0.42418279637882167,1.0,0.39525854216439044,0.3685957810771633,0.38014877270570974,0.38397211608104365,0.4575824624868082,0.4369334148608668,0.48378520466935315,0.39742033332950255,0.41966091218717944,0.48429486898934304,0.3437798809013547,0.4459263447181213
T,0.2783215750380126,0.3781562747856619,0.3909974421710793,0.2705251965531699,0.3396515095590962,0.4240872079537595,0.3488570026170099,0.2525101974178289,0.3872437772344794,0.38535298167665977,0.35472886475840165,0.24030842330145424,0.4081010554340434,0.23829568293907918,0.4353670385201722,0.2641419754056358,0.3979261572639602,0.3957764952889857,0.2958314919426926,0.41604287530901685,0.4485669540955344,0.3567866744917306,0.335202840526509,0.3744051109266875,0.34445929706531564,0.3646987972289008,0.42782965332217043,0.31675450361244123,0.4511778163598087,0.36701778009792924,0.4212539019616882,0.3229838458029104,0.36648035493718173,0.3917219935547842,0.3861418402946563,0.40381503777645217,0.28088472050435187,0.30303186429832574,0.3050153765210577,0.3754463348570674,0.3275587909366638,0.38808894270582145,0.44903232937338594,0.40039972131408175,0.35260139199866475,0.4364581464003104,0.4161535203925358,0.4271680281422308,0.44283182072549365,0.3484301284496089,0.3364048027178542,0.33556364317787996,0.3451613476344945,0.3341640318941923,0.36249023640995287,0.41507413563737,0.4373623457641941,0.4322720276451539,0.4040539880648833,0.38519943432834314,0.3528142658448215,0.3766016592459671,0.09908878360717417,0.3102649642890112,0.24278502797367507,0.36231172873071604,0.3615330163025624,0.41650380666364395,0.4007498860547682,0.42833572824554894,0.39444452509651323,0.3121530276071492,0.3171042233459249,0.3740374194533479,0.344431570635424,0.39525854216439044,1.0,0.3073197513182319,0.370259265689767,0.32996101388388094,0.3906347300245524,0.4038140786571166,0.43896885159696997,0.3172998087791658,0.6809372352945493,0.43303944310269304,0.3493613130314881,0.4652071519502942
TGT,0.23765880718508606,0.3088174102820556,0.3050299027020524,0.2681364580321818,0.2812732613105564,0.3167370760548824,0.25899703979083705,0.22548294638925412,0.33198835634681373,0.32468645228926557,0.2973758849367646,0.19440632527932455,0.32353353958542996,0.23615217389484386,0.3670731334594948,0.19603887016544003,0.33065127802195393,0.3138687849073786,0.19713442783366006,0.2823040906927058,0.3279612242799048,0.31632800782833015,0.2689990267791689,0.46136194464780295,0.2851731781830151,0.335620144448157,0.3170705433345252,0.26667012281914415,0.3577905823011943,0.17108408763631525,0.3381589283833578,0.1987912620372651,0.34620863397153284,0.35025228834883676,0.3092874486625398,0.3037834847172803,0.22745466646678036,0.24568803153885022,0.24652024893685365,0.3133708313932568,0.25340745890680344,0.46219693001055245,0.36731787293800583,0.3009520711264009,0.2785162387438806,0.2854307660646056,0.34264383940326004,0.2458770863617004,0.28907949304583985,0.24367349333143828,0.2867099520534224,0.42695430071947416,0.2951595592845005,0.28083391266516633,0.2846899635623539,0.34756985357874765,0.34732378183077334,0.26702474661918235,0.27631763553345035,0.30964709100308385,0.2790720789869495,0.23023173871315067,0.12141423901268604,0.3683437465679454,0.20673561542853577,0.28670611850594274,0.28224817277497743,0.27119632669832505,0.28945910298839406,0.27138882225217137,0.2410885245136514,0.2232744824012471,0.3191809717811845,0.2756809540702455,0.17577858603332208,0.3685957810771633,0.3073197513182319,1.0,0.2872253047124079,0.2833069731277479,0.3300718244807128,0.3722725826036581,0.3614443143598616,0.27107697022364274,0.2951935052210772,0.3578383298873433,0.4510228124309308,0.30742197651114955
TXN,0.45901646755382974,0.41684126275412064,0.5179952483094759,0.49919521284079593,0.437393046622216,0.4551324205637261,0.4221678284746697,0.42573168644915865,0.4628683552797321,0.502081953891473,0.4656861153498213,0.3496541333618174,0.5208529099333652,0.43619860940831795,0.5481320975774225,0.30016259453120503,0.4938302063976636,0.5487495503028897,0.30583608603923107,0.34782653605153535,0.4446599395907367,0.48242770536835705,0.4121105429233755,0.37962123128852393,0.5157559556248643,0.3601519011837745,0.47136296856330606,0.43023582099788477,0.486687681295988,0.22189510461604672,0.5585346845166004,0.23095442040138808,0.4673477984137426,0.5168902668147998,0.5070523415548996,0.4291863407831253,0.3348098783579608,0.47342305711677984,0.4729119048080336,0.4923178757834615,0.4366555101395383,0.46455210331569025,0.5969625463016999,0.4674407983537854,0.6505038324914608,0.4316386545740389,0.5059484352887369,0.31065246992899653,0.3588231705953909,0.3315972543887253,0.40224519247037127,0.41514594670541555,0.49057445404921485,0.367371061088938,0.4445406756822257,0.5124313488576816,0.566739245294045,0.3019998226694505,0.366410043357973,0.49972160198987675,0.5388041378614962,0.2755654082068004,0.27639482808945914,0.3897669793874655,0.5642366047717999,0.5126169100134608,0.4538433734819685,0.33632466573783265,0.3971756060416166,0.3500230312417009,0.3185054463378415,0.5075282283226198,0.411784936145498,0.4687049145894611,0.2017649702036365,0.38014877270570974,0.370259265689767,0.2872253047124079,1.0,0.3761180611331286,0.5119509138441117,0.49631490763486064,0.5092285458144682,0.46773001920242285,0.32053695380108,0.4988369773094099,0.26877665140605217,0.4755303054594078
UNH,0.3371275436628956,0.4364202877419015,0.41408028837606103,0.36874097217604096,0.36523100962861255,0.4248459572704791,0.4238249823388991,0.3313147551006609,0.4215072798421583,0.43154012247388585,0.42208506678127977,0.3408536026307665,0.4278109237649341,0.33005901131100185,0.46665357699780846,0.32448001835051365,0.4363457971110088,0.3885973530489983,0.2824896034369135,0.31743931913487233,0.40709283611671054,0.4173089749342591,0.3367105872574654,0.34397234000401594,0.34971786869273735,0.40933463150013544,0.4037302777797713,0.3707490980764117,0.4263371975441879,0.25416533289873233,0.4113358282837772,0.23944749933943324,0.3771062622873218,0.4333260517418611,0.4368264941001307,0.3840694020926566,0.33001690290686286,0.36567933391204294,0.365575062236842,0.41475914891391763,0.3207796422714876,0.4255001928175817,0.49307353440876306,0.3918598733570355,0.35192507191507394,0.43271438244686167,0.45009535828372654,0.2945088758449327,0.35846225881287547,0.3680257741371161,0.403180257881672,0.3799362403163067,0.4082287103749466,0.3422122542794706,0.47985138650803694,0.434740624686993,0.45133998379058926,0.31957875336400937,0.39340879739393614,0.4208086277218682,0.3970417022234277,0.3021006314449199,0.20159107345071808,0.3529580652100849,0.2852124115487936,0.39273401635892247,0.37809567763511814,0.31580523384714737,0.46282629310940415,0.305346295713893,0.34256809605421845,0.3186404421612827,0.36219413409048373,0.3656178836441858,0.22483203611596547,0.38397211608104365,0.32996101388388094,0.2833069731277479,0.3761180611331286,1.0,0.41264856378791437,0.4313151661641083,0.4639781406309312,0.3754566738806736,0.28075530410293204,0.45352386140004075,0.2995412335581311,0.4279214844814189
UNP,0.3848510177538503,0.41719569888017527,0.48531457906400843,0.41543951516979993,0.45503197627815334,0.5187375996687046,0.3967751369811511,0.3499122450791551,0.5150321411314843,0.5394372866860838,0.5241460130484485,0.30580205838417934,0.5604430523995729,0.3889301643368378,0.5861119060569374,0.2893305999044585,0.5534141501575521,0.6201047592946574,0.30035094136802903,0.36529931087667084,0.4738030989308131,0.5137552776942083,0.48376233762095394,0.3822206555664115,0.4415428436762723,0.3833626074394503,0.5506183773021764,0.4414321898002756,0.5186411554585862,0.2484714943509932,0.6078185588023886,0.28765523693651507,0.5136769126287942,0.6115112594527651,0.5595146092578925,0.4905949200789906,0.31922047035626433,0.40378548795062996,0.4029453486517182,0.525901218736808,0.5044509888060841,0.4932215102783214,0.6416857839140307,0.4587207193095083,0.45047742827899634,0.4274190495822214,0.5548323044390799,0.31406264448215826,0.374536366613825,0.32198484542730305,0.45184682083200933,0.45360589855582084,0.46872458945875883,0.38673509260034367,0.45285075205169384,0.5666083893390772,0.5935118307574413,0.33222822375531486,0.3952773609585771,0.5385097109568252,0.43129866332076106,0.3169556334693142,0.2107472727772748,0.4230979160290918,0.3638785624963511,0.47355068766206765,0.515238845026752,0.34902205008309095,0.4538969600007575,0.3558508740806531,0.3529707045314358,0.4195375490477389,0.4161153696142689,0.5303286380179307,0.22084827549249256,0.4575824624868082,0.3906347300245524,0.3300718244807128,0.5119509138441117,0.41264856378791437,1.0,0.5894853479782203,0.5840848805825751,0.43245988457234585,0.3492045976861055,0.5714737361633965,0.2860315074553487,0.5323127208993708
UPS,0.3559298664335861,0.4596127073598121,0.48818546273521773,0.41918132913355294,0.44950861836280315,0.51291296676675,0.42620450492948025,0.37954199262626404,0.5024170057197814,0.5122165232218729,0.47429224415107546,0.3187960968997743,0.5339605479901008,0.3992912551632525,0.5717199660653294,0.30638787512804083,0.5025459816481312,0.5609719313083906,0.2991063276568358,0.40912354390518413,0.4820800456272207,0.4924722695843534,0.42401220019631386,0.41171218371745055,0.46162661790610154,0.4211624758434865,0.49929326131410534,0.4424307360985665,0.5137425163767857,0.3030224459410221,0.5962918828681614,0.2995179934498536,0.4990841707446785,0.731404993576048,0.5540327660708286,0.4958479121462188,0.32560920722045766,0.4182793308020166,0.4185567894467352,0.48217653599110716,0.415520080750297,0.5053526147177341,0.6250102695131725,0.4581469271278832,0.47411431163256923,0.4692877871311654,0.5343456712610656,0.3814144093159115,0.4440324815917654,0.36043545668001287,0.4507755162239247,0.4495229895918319,0.4651706313169053,0.4027421390590392,0.46828502581156495,0.5590352080998695,0.6002297755538801,0.35946286193064525,0.40827985534922906,0.5031217805954541,0.46764183288209743,0.35326187551390376,0.22824928347451115,0.43270918722035784,0.36475586824175343,0.47396869070282377,0.461033285868222,0.4301578518817716,0.4684217278709366,0.39750466884747354,0.3794490032769918,0.38947842634774016,0.4042465021769665,0.46573483204995236,0.2809065632192574,0.4369334148608668,0.4038140786571166,0.3722725826036581,0.49631490763486064,0.4313151661641083,0.5894853479782203,1.0,0.5416483070838629,0.44270678753143566,0.38894673769393584,0.5361785049182739,0.343815423357697,0.5324952575711674
USB,0.37482326977953,0.46607901227797915,0.5215359772113797,0.4310115061304784,0.576576982923913,0.6408076837794289,0.425140278488946,0.35516753771018794,0.6584709688996166,0.5407341835865219,0.7495865735889272,0.339467513263305,0.7429471946300055,0.38315812867042315,0.6608884428094637,0.34129291082171775,0.735562159986,0.5536882593860876,0.36439985880365705,0.36883597812153185,0.5252016478131206,0.6976153638406846,0.4775549230032424,0.4303254831998906,0.47137993648435744,0.4456970191269644,0.5531839197855476,0.4450658207333731,0.5729126687296905,0.26821988590812196,0.593351459126075,0.3057230972686626,0.5607723224051876,0.5718546618086169,0.5715437672030353,0.5496658422634926,0.3589773020711071,0.44001753349411904,0.4389349953794218,0.6887655628019388,0.4645717396760908,0.521792494864251,0.6533558108855362,0.46843559101381427,0.44922576365227,0.48635208924266676,0.7885560939191544,0.33750250750925137,0.4239614830328677,0.3807804986437663,0.451619370869873,0.4704865793576416,0.5069419105937174,0.39298186885555264,0.5060835787762192,0.731700138061681,0.6040844981984086,0.34181117630956454,0.4600015854297171,0.7135759347056131,0.4695769700624696,0.32609970663482607,0.19935043598772545,0.4334199411645702,0.37631734994166227,0.49853012293153137,0.5118863826651017,0.3835341026834295,0.4950330273315857,0.3826868147778002,0.3579695336006479,0.42438514483933903,0.4491153478497437,0.5248815225064816,0.23646600312292995,0.48378520466935315,0.43896885159696997,0.3614443143598616,0.5092285458144682,0.4639781406309312,0.5840848805825751,0.5416483070838629,1.0,0.4813248187901301,0.4191734691917992,0.8310662018589338,0.3286044606801232,0.5573381385400203
V,0.38756476174903676,0.4563051758468026,0.4919871952225175,0.4877713472782112,0.4109337033110642,0.4403260509931538,0.3918422492980103,0.4450105008922396,0.5377600479280632,0.4657555381284763,0.4392033624852182,0.31803981047219615,0.47140286772819173,0.4301496562418288,0.5244016176885465,0.32029702242051544,0.4769243730466645,0.4401663110214338,0.3137654071775261,0.3735719027410669,0.38940390396857943,0.4620618936341339,0.3550963762043127,0.35964094144159875,0.4148494618505675,0.3595328590425185,0.4072732584805759,0.4041890472345707,0.4494540203390499,0.22648061925457152,0.4568458830404988,0.23445673707698023,0.40032141245628494,0.44185968183692403,0.4536146111385222,0.3771066210725814,0.3341503939428321,0.4823743725103592,0.48532856291253534,0.4551542827171061,0.367152616438975,0.45967395265659794,0.5183373507080777,0.4121812118368988,0.4068818134389031,0.41705205960624103,0.4688475034008582,0.29213399690723063,0.3491006120612512,0.33227579277436753,0.40258814416138594,0.38302604763206416,0.8002782954322932,0.3633276754572837,0.42423310337319525,0.4769287992793417,0.49525205970439184,0.278370833523545,0.3693625749483284,0.4554840641915384,0.4661284228417066,0.2814847192424193,0.262527025890469,0.41292848877456634,0.41865546982803475,0.4481522012663356,0.39829448225286107,0.3490201936123939,0.4274137214108252,0.32649152471434534,0.3060586342143529,0.3784497129255381,0.42256143131020407,0.39253329878308935,0.19558406073102413,0.39742033332950255,0.3172998087791658,0.27107697022364274,0.46773001920242285,0.3754566738806736,0.43245988457234585,0.44270678753143566,0.4813248187901301,1.0,0.2881662693780869,0.47443153417352824,0.2648167200799665,0.4193994832229343
VZ,0.23037059198609797,0.3748930917976296,0.3483533775511187,0.2448731000003918,0.3109096043964216,0.400127221574853,0.3331377864332746,0.2007234734503038,0.3597959029211064,0.32790469879830136,0.3135472961570077,0.19772759882603724,0.37340363730552933,0.21251242944886997,0.40714818234449357,0.2565195609970906,0.34361819483823747,0.32620009447816717,0.2532904949859407,0.41150352204968954,0.41046327911447633,0.3207479562509351,0.30318331474757565,0.37748357617771466,0.29932649930546773,0.3887514665213371,0.4044153503193826,0.31389390176016485,0.39954607328429254,0.4039636901294498,0.39272319359692986,0.3460489883985173,0.3309716525321997,0.3467340393585349,0.3749622630763014,0.37927071848467564,0.25425338950499793,0.2738396294442853,0.2753886949303996,0.32492416744898234,0.2743609985063803,0.3667297650725487,0.41301111155833914,0.359727501765571,0.32326881439614946,0.457345754869203,0.3807673366397592,0.4449854745949919,0.4559420803353648,0.3525856537182786,0.3108628208069991,0.29915734622788626,0.3006668708543226,0.34943018518777613,0.3389604267053047,0.35537812803559854,0.4237946992880814,0.4369508231210802,0.4048730039376251,0.33353536716232407,0.3400058885225097,0.396990336407286,0.07686441659241959,0.29064959140322305,0.1857960025327636,0.3271502126822089,0.3291307290779218,0.4502420227810197,0.390262753608729,0.4323691603102647,0.3876095787703279,0.2860246828309134,0.3078592317813137,0.3194868744145854,0.3804228521033871,0.41966091218717944,0.6809372352945493,0.2951935052210772,0.32053695380108,0.28075530410293204,0.3492045976861055,0.38894673769393584,0.4191734691917992,0.2881662693780869,1.0,0.3942327863281873,0.3556639237647143,0.41346967116240935
WFC,0.36804503645291314,0.44701608782392277,0.5015820234343762,0.4284399528900858,0.5943040930636043,0.6233435126701465,0.41287849452334585,0.3551896475354318,0.6397516327659313,0.5462787574496731,0.7568778774634854,0.3299505735454205,0.7364334384843177,0.37268221156772846,0.6624509475015089,0.3229029826954747,0.7497146193742715,0.5427204462384067,0.3427059628902289,0.3454663531313007,0.5080085554667536,0.7019215671335602,0.46528152054163824,0.400934690413619,0.466806859533135,0.43971895545198036,0.5336729491815159,0.4480016210537296,0.5630929532885143,0.23605778907936725,0.5799387034569036,0.28216328808998636,0.5510264390866859,0.5640237093339566,0.5483619495687959,0.5314297498466826,0.3422555041652696,0.4207057532012681,0.4194955224264248,0.6934294777925658,0.461008427903954,0.5094773208082163,0.6375450151857758,0.4643299306117975,0.44334728428756337,0.46857716474714384,0.7981301928135661,0.3161917055148132,0.41347236248736324,0.36311345594098693,0.44547738843331963,0.46914181381065656,0.4986370370932474,0.3754125753668452,0.4891527675181879,0.7231277437073649,0.5791148636886024,0.3246935384569763,0.4260062303061484,0.7254003609523512,0.46194078427746144,0.31781647186462,0.19642770086734684,0.4213284268079824,0.3620144089045827,0.4800575557450506,0.5118993023561201,0.37392534282718887,0.4875142385011002,0.3570566737186074,0.32672465488096153,0.40542278179177493,0.4433970050508484,0.5182754300662747,0.21365774497451792,0.48429486898934304,0.43303944310269304,0.3578383298873433,0.4988369773094099,0.45352386140004075,0.5714737361633965,0.5361785049182739,0.8310662018589338,0.47443153417352824,0.3942327863281873,1.0,0.3126278342514604,0.5496845410911415
WMT,0.22986967105039435,0.3579028773071649,0.3121645355835452,0.2544878383098822,0.23677910013475423,0.33436060696225817,0.2994450814013555,0.1966165163625722,0.29788533727592864,0.31341508208097224,0.254839605775626,0.20681885488763668,0.28949474365256883,0.1629169027352809,0.32786245084032406,0.2524902000729844,0.27898801680474195,0.2696221704227846,0.23884784038869203,0.37701587498813305,0.3146659400063652,0.2696755531451845,0.22945871111756805,0.4934838092557015,0.3051771603408681,0.3849133703722633,0.2904053384285389,0.27765303531897445,0.3422634323259707,0.30346150507376807,0.30088063934169385,0.2560592625848859,0.28378334867111377,0.32129530960092584,0.30927412286173617,0.28142171076775296,0.24348391372881772,0.24344106251626438,0.24261476219742123,0.2621980868170441,0.18963546241219936,0.39989980794470725,0.36444028561474234,0.29181302641306234,0.2677340418762501,0.3770023696692882,0.29669843583628736,0.37406055843390196,0.37722458346900245,0.2943037819102743,0.32510148326388216,0.34621861836710605,0.2821828955571345,0.33340043473264425,0.3350321318200678,0.2805838753385098,0.35669838228608075,0.35563849604730496,0.3353247800248256,0.2764038109082149,0.30177739488409877,0.3045785941241255,0.11999158039280089,0.30149816401821794,0.18884137340756837,0.29062557467244754,0.23711199305483058,0.3933495522277495,0.3419878514832979,0.39544557028645094,0.3047424426703507,0.23793878878420466,0.3068610078024756,0.23259752763830285,0.2997063582808247,0.3437798809013547,0.3493613130314881,0.4510228124309308,0.26877665140605217,0.2995412335581311,0.2860315074553487,0.343815423357697,0.3286044606801232,0.2648167200799665,0.3556639237647143,0.3126278342514604,1.0,0.31651668442826053
XOM,0.34492551637700997,0.4412356810794944,0.49587217814231493,0.37878064655783844,0.4584412066850862,0.49958233250323014,0.3986111891699314,0.32047834462418584,0.4685359977369036,0.49645431575340293,0.48616968103627733,0.30154071655270537,0.5476123860399463,0.33673588621257144,0.575696995103297,0.31645628615484,0.5286047187383088,0.595461327162813,0.32050028547435966,0.41767710378550194,0.47924256799276443,0.47601404400635405,0.703513358916764,0.39025828479569014,0.4439222249407465,0.39823203421299774,0.805567253678197,0.4220410025352202,0.5133850084976775,0.34627719313557875,0.5945981473018526,0.3606022662723855,0.4572636387600364,0.49500841161743747,0.5128880122384547,0.5006501662594738,0.33172599413655607,0.4001053390230369,0.40122844124364093,0.5067141788600492,0.6196897898256011,0.45149556507757643,0.5881921552924176,0.48335876702501046,0.4521478377796073,0.5061712981799051,0.5599716283368588,0.37354648375306815,0.46814555321787665,0.38277278585312197,0.41445930175439016,0.40425985518450086,0.4522352258384266,0.397428506007779,0.4660411333690537,0.5435238055698086,0.5841921297335348,0.36158578340821823,0.45642917111019016,0.5203522400737401,0.4491882356931178,0.3754984788592664,0.1708452270756545,0.3658785255293467,0.32292082936827127,0.484202852934972,0.703429021577772,0.41776964338318323,0.4856936097596813,0.44184172365644103,0.41193142406133104,0.40599562365574676,0.36787353698441605,0.672540282260103,0.3010406149114233,0.4459263447181213,0.4652071519502942,0.30742197651114955,0.4755303054594078,0.4279214844814189,0.5323127208993708,0.5324952575711674,0.5573381385400203,0.4193994832229343,0.41346967116240935,0.5496845410911415,0.31651668442826053,1.0
